symbol,yahoo,name,sector,exchange,sp500,tier,market_cap
NVDA,NVDA,Nvidia,Information Technology,NASDAQ,1,Mega cap,5475761000000
AAPL,AAPL,Apple Inc.,Information Technology,NASDAQ,1,Mega cap,4807322892000
GOOGL,GOOGL,Alphabet Inc. (Class A),Communication Services,NASDAQ,1,Mega cap,4169451600000
GOOG,GOOG,Alphabet Inc. (Class C),Communication Services,NASDAQ,1,Mega cap,4125423600000
MSFT,MSFT,Microsoft,Information Technology,NASDAQ,1,Mega cap,3779305633099
AMZN,AMZN,Amazon,Consumer Discretionary,NASDAQ,1,Mega cap,2660659968805
TSM,TSM,Taiwan Semiconductor Manufacturing Company Ltd.,Information Technology,NYSE,0,Mega cap,2369921550834
SPCX,SPCX,Space Exploration Technologies Corp.,Information Technology,NASDAQ,0,Mega cap,2025607899315
META,META,Meta Platforms,Communication Services,NASDAQ,1,Mega cap,1882072123968
AVGO,AVGO,Broadcom,Information Technology,NASDAQ,1,Mega cap,1695115965062
TSLA,TSLA,"Tesla, Inc.",Consumer Discretionary,NASDAQ,1,Mega cap,1393558302499
MU,MU,Micron Technology,Information Technology,NASDAQ,1,Mega cap,1202894057267
LLY,LLY,Lilly (Eli),Health Care,NYSE,1,Mega cap,1115159819911
BRK.B,BRK-B,Berkshire Hathaway,Financials,NYSE,1,Mega cap,1108340517222
BRK.A,BRK-A,Berkshire Hathaway Inc.,Other,NYSE,0,Mega cap,1108109212418
AMD,AMD,Advanced Micro Devices,Information Technology,NASDAQ,1,Mega cap,991842861268
JPM,JPM,JPMorgan Chase,Financials,NYSE,1,Mega cap,890439211601
WMT,WMT,Walmart,Consumer Staples,NASDAQ,1,Mega cap,847324098539
ASML,ASML,ASML Holding N.V.,Industrials,NASDAQ,0,Mega cap,707006310499
XOM,XOM,ExxonMobil,Energy,NYSE,1,Mega cap,663456994746
V,V,Visa Inc.,Financials,NYSE,1,Mega cap,653738001723
JNJ,JNJ,Johnson & Johnson,Health Care,NYSE,1,Mega cap,644816567599
INTC,INTC,Intel,Information Technology,NASDAQ,1,Mega cap,612698108410
MA,MA,Mastercard,Financials,NYSE,1,Mega cap,493701681985
ABBV,ABBV,AbbVie,Health Care,NYSE,1,Mega cap,465264309968
PLTR,PLTR,Palantir Technologies,Information Technology,NASDAQ,1,Mega cap,449111939156
CSCO,CSCO,Cisco,Information Technology,NASDAQ,1,Mega cap,421620240199
ORCL,ORCL,Oracle Corporation,Information Technology,NYSE,1,Mega cap,417710543321
COST,COST,Costco,Consumer Staples,NASDAQ,1,Mega cap,410036067390
AMAT,AMAT,Applied Materials,Information Technology,NASDAQ,1,Mega cap,406329826790
LRCX,LRCX,Lam Research,Information Technology,NASDAQ,1,Mega cap,405286293877
CVX,CVX,Chevron Corporation,Energy,NYSE,1,Mega cap,403808132980
BAC,BAC,Bank of America,Financials,NYSE,1,Mega cap,384321450140
CAT,CAT,Caterpillar Inc.,Industrials,NYSE,1,Mega cap,379985650243
KO,KO,Coca-Cola Company (The),Consumer Staples,NYSE,1,Mega cap,373633376262
MRK,MRK,Merck & Co.,Health Care,NYSE,1,Mega cap,368299382121
HSBC,HSBC,HSBC Holdings plc.,Financials,NYSE,0,Mega cap,345805839317
PG,PG,Procter & Gamble,Consumer Staples,NYSE,1,Mega cap,344759911459
DELL,DELL,Dell Technologies,Information Technology,NYSE,1,Mega cap,343078201773
UNH,UNH,UnitedHealth Group,Health Care,NYSE,1,Mega cap,336544211934
GE,GE,GE Aerospace,Industrials,NYSE,1,Mega cap,329830747258
PANW,PANW,Palo Alto Networks,Information Technology,NASDAQ,1,Mega cap,317719380000
MS,MS,Morgan Stanley,Financials,NYSE,1,Mega cap,302742358446
PM,PM,Philip Morris International,Consumer Staples,NYSE,1,Mega cap,302215145822
NFLX,NFLX,Netflix,Communication Services,NASDAQ,1,Mega cap,292724959223
HD,HD,Home Depot (The),Consumer Discretionary,NYSE,1,Mega cap,287374519873
NVS,NVS,Novartis AG,Health Care,NYSE,0,Mega cap,278036781147
RY,RY,Royal Bank Of Canada,Financials,NYSE,0,Mega cap,276609073840
MUFG,MUFG,Mitsubishi UFJ Financial Group Inc.,Financials,NYSE,0,Mega cap,274500153580
CRWD,CRWD,CrowdStrike,Information Technology,NASDAQ,1,Mega cap,269028640387
GS,GS,Goldman Sachs,Financials,NYSE,1,Mega cap,266782890866
SAP,SAP,SAP SE ADS,Information Technology,NYSE,0,Mega cap,259030117317
TXN,TXN,Texas Instruments,Information Technology,NASDAQ,1,Mega cap,257252740669
KLAC,KLAC,KLA Corporation,Information Technology,NASDAQ,1,Mega cap,256472925873
GEV,GEV,GE Vernova,Industrials,NYSE,1,Mega cap,256343408377
ANET,ANET,Arista Networks,Information Technology,NYSE,1,Mega cap,255852032093
AZN,AZN,AstraZeneca PLC,Health Care,NYSE,0,Mega cap,254644694948
SNDK,SNDK,Sandisk,Information Technology,NASDAQ,1,Mega cap,253269731170
RTX,RTX,RTX Corporation,Industrials,NYSE,1,Mega cap,251949907439
TMO,TMO,Thermo Fisher Scientific,Health Care,NYSE,1,Mega cap,251283953038
WFC,WFC,Wells Fargo,Financials,NYSE,1,Mega cap,243371466561
TM,TM,Toyota Motor Corporation,Industrials,NYSE,0,Mega cap,243356543812
MRVL,MRVL,Marvell Technology,Information Technology,NASDAQ,1,Mega cap,230861463000
AMGN,AMGN,Amgen,Health Care,NASDAQ,1,Mega cap,229033342598
C,C,Citigroup,Financials,NYSE,1,Mega cap,219408731216
LIN,LIN,Linde plc,Materials,NASDAQ,1,Mega cap,218214179759
STX,STX,Seagate Technology,Information Technology,NASDAQ,1,Mega cap,208922960411
APH,APH,Amphenol,Information Technology,NYSE,1,Mega cap,207979649527
IBM,IBM,IBM,Information Technology,NYSE,1,Mega cap,207260144456
AXP,AXP,American Express,Financials,NYSE,1,Mega cap,206239622998
SAN,SAN,Banco Santander S.A. Sponsored ADR (Spain),Financials,NYSE,0,Mega cap,205396112693
TD,TD,Toronto Dominion Bank,Financials,NYSE,0,Large cap,194969243000
QCOM,QCOM,Qualcomm,Information Technology,NASDAQ,1,Large cap,193348064856
ADI,ADI,Analog Devices,Information Technology,NASDAQ,1,Large cap,192963659472
SHOP,SHOP,Shopify Inc.,Information Technology,NASDAQ,0,Large cap,192116942567
TTE,TTE,TotalEnergies SE,Energy,NYSE,0,Large cap,191371098829
VZ,VZ,Verizon,Communication Services,NYSE,1,Large cap,191036563788
GILD,GILD,Gilead Sciences,Health Care,NASDAQ,1,Large cap,187580415848
CRM,CRM,Salesforce,Information Technology,NYSE,1,Large cap,185430130000
DE,DE,Deere & Company,Industrials,NYSE,1,Large cap,183480092866
DIS,DIS,Walt Disney Company (The),Communication Services,NYSE,1,Large cap,182010066340
PEP,PEP,PepsiCo,Consumer Staples,NASDAQ,1,Large cap,175647894599
TMUS,TMUS,T-Mobile US,Communication Services,NASDAQ,1,Large cap,174824019487
ABT,ABT,Abbott Laboratories,Health Care,NYSE,1,Large cap,174682193731
SCHW,SCHW,Charles Schwab Corporation,Financials,NYSE,1,Large cap,171377169257
NVO,NVO,Novo Nordisk A/S,Health Care,NYSE,0,Large cap,169634018221
SCCO,SCCO,Southern Copper Corporation,Materials,NYSE,0,Large cap,168993887050
ETN,ETN,Eaton Corporation,Industrials,NYSE,1,Large cap,168282068000
WELL,WELL,Welltower,Real Estate,NYSE,1,Large cap,167861499088
T,T,AT&T,Communication Services,NYSE,1,Large cap,167746400712
MCD,MCD,McDonald's,Consumer Discretionary,NYSE,1,Large cap,165573965423
BLK,BLK,BlackRock,Financials,NYSE,1,Large cap,165391076456
PFE,PFE,Pfizer,Health Care,NYSE,1,Large cap,163694625476
BBVA,BBVA,Banco Bilbao Vizcaya Argentaria S.A.,Financials,NYSE,0,Large cap,163504863568
WDC,WDC,Western Digital,Information Technology,NASDAQ,1,Large cap,163498107285
UNP,UNP,Union Pacific Corporation,Industrials,NYSE,1,Large cap,162865797777
DHR,DHR,Danaher Corporation,Health Care,NYSE,1,Large cap,158952176670
NEE,NEE,NextEra Energy,Utilities,NYSE,1,Large cap,158304886281
UBS,UBS,UBS Group AG Registered,Financials,NYSE,0,Large cap,151385571934
COP,COP,ConocoPhillips,Energy,NYSE,1,Large cap,150695773366
BA,BA,Boeing,Industrials,NYSE,1,Large cap,148336645354
TJX,TJX,TJX Companies,Consumer Discretionary,NYSE,1,Large cap,147176529362
BUD,BUD,Anheuser-Busch Inbev SA Sponsored ADR (Belgium),Consumer Staples,NYSE,0,Large cap,146509764582
ISRG,ISRG,Intuitive Surgical,Health Care,NASDAQ,1,Large cap,145614141703
UBER,UBER,Uber,Industrials,NYSE,1,Large cap,141671969993
MFG,MFG,Mizuho Financial Group Inc. Sponosred ADR (Japan),Financials,NYSE,0,Large cap,136941672670
GLW,GLW,Corning Inc.,Information Technology,NYSE,1,Large cap,136710942013
NOW,NOW,ServiceNow,Information Technology,NYSE,1,Large cap,134357960000
VRTX,VRTX,Vertex Pharmaceuticals,Health Care,NASDAQ,1,Large cap,133505472499
PBR,PBR,Petroleo Brasileiro S.A. Petrobras ADS,Energy,NYSE,0,Large cap,133076165768
FTNT,FTNT,Fortinet,Information Technology,NASDAQ,1,Large cap,129104254382
BMY,BMY,Bristol Myers Squibb,Health Care,NYSE,1,Large cap,128405043276
CB,CB,Chubb Limited,Financials,NYSE,1,Large cap,128116417177
PLD,PLD,Prologis,Real Estate,NYSE,1,Large cap,125724358360
NET,NET,Cloudflare Inc.,Information Technology,NYSE,0,Large cap,125432640406
NEM,NEM,Newmont,Materials,NYSE,1,Large cap,123376828011
MNST,MNST,Monster Beverage,Consumer Staples,NASDAQ,1,Large cap,122656353618
PGR,PGR,Progressive Corporation,Financials,NYSE,1,Large cap,122390385020
PH,PH,Parker Hannifin,Industrials,NYSE,1,Large cap,122375704144
BKNG,BKNG,Booking Holdings,Consumer Discretionary,NASDAQ,1,Large cap,121979110370
COF,COF,Capital One,Financials,NYSE,1,Large cap,120525230881
BTI,BTI,British American Tobacco Industries p.l.c.,Health Care,NYSE,0,Large cap,118494295492
RIO,RIO,Rio Tinto Plc,Materials,NYSE,0,Large cap,118268593069
ACN,ACN,Accenture,Information Technology,NYSE,1,Large cap,118229408395
LMT,LMT,Lockheed Martin,Industrials,NYSE,1,Large cap,118213331594
BMO,BMO,Bank Of Montreal,Financials,NYSE,0,Large cap,117894594318
SNOW,SNOW,Snowflake Inc.,Information Technology,NYSE,0,Large cap,116533368000
HDB,HDB,HDFC Bank Limited,Financials,NYSE,0,Large cap,116168619649
SPGI,SPGI,S&P Global,Financials,NYSE,1,Large cap,115694260000
MO,MO,Altria,Consumer Staples,NYSE,1,Large cap,114744802595
BP,BP,BP p.l.c.,Energy,NYSE,0,Large cap,113932331052
BNS,BNS,Bank Nova Scotia Halifax Pfd 3,Financials,NYSE,0,Large cap,113441027179
VLO,VLO,Valero Energy,Energy,NYSE,1,Large cap,111635235179
MDT,MDT,Medtronic,Health Care,NYSE,1,Large cap,111400118840
CVS,CVS,CVS Health,Health Care,NYSE,1,Large cap,111398319140
MPC,MPC,Marathon Petroleum,Energy,NYSE,1,Large cap,110091731839
SBUX,SBUX,Starbucks,Consumer Discretionary,NASDAQ,1,Large cap,108790200000
SYK,SYK,Stryker Corporation,Health Care,NYSE,1,Large cap,106928658033
LOW,LOW,Lowe's,Consumer Discretionary,NYSE,1,Large cap,105062975598
ING,ING,ING Group N.V.,Financials,NYSE,0,Large cap,104719951783
HOOD,HOOD,Robinhood Markets,Financials,NASDAQ,1,Large cap,104491341768
ADP,ADP,Automatic Data Processing,Industrials,NASDAQ,1,Large cap,103738655266
EQNR,EQNR,Equinor ASA,Energy,NYSE,0,Large cap,103361204380
APP,APP,AppLovin,Communication Services,NASDAQ,1,Large cap,102289424660
ENB,ENB,Enbridge Inc,Energy,NYSE,0,Large cap,101888668009
FCX,FCX,Freeport-McMoRan,Materials,NYSE,1,Large cap,101655680453
SPOT,SPOT,Spotify Technology S.A.,Consumer Discretionary,NYSE,0,Large cap,101611285279
CM,CM,Canadian Imperial Bank of Commerce,Financials,NYSE,0,Large cap,101427780176
MCK,MCK,McKesson Corporation,Health Care,NYSE,1,Large cap,100829677730
PSX,PSX,Phillips 66,Energy,NYSE,1,Large cap,100653026061
TT,TT,Trane Technologies,Industrials,NYSE,1,Large cap,100240359209
EQIX,EQIX,Equinix,Real Estate,NASDAQ,1,Large cap,100178402645
BNY,BNY,BNY Mellon,Financials,NYSE,1,Large cap,99726538791
SNY,SNY,Sanofi ADS,Health Care,NASDAQ,0,Large cap,99358919782
CNQ,CNQ,Canadian Natural Resources Limited,Energy,NYSE,0,Large cap,97587182800
IBN,IBN,ICICI Bank Limited,Financials,NYSE,0,Large cap,97556533766
DDOG,DDOG,Datadog,Information Technology,NASDAQ,1,Large cap,96433188445
PWR,PWR,Quanta Services,Industrials,NYSE,1,Large cap,96028076654
SO,SO,Southern Company,Utilities,NYSE,1,Large cap,95997789513
VRT,VRT,Vertiv,Industrials,NYSE,1,Large cap,95607962883
CME,CME,CME Group,Financials,NASDAQ,1,Large cap,94648453607
AEM,AEM,Agnico Eagle Mines Limited,Materials,NYSE,0,Large cap,94320060258
MAR,MAR,Marriott International,Consumer Discretionary,NASDAQ,1,Large cap,94298305067
RACE,RACE,Ferrari N.V.,Industrials,NYSE,0,Large cap,94057399895
ABNB,ABNB,Airbnb,Consumer Discretionary,NASDAQ,1,Large cap,93985400647
CEG,CEG,Constellation Energy,Utilities,NASDAQ,1,Large cap,93742646336
HCA,HCA,HCA Healthcare,Health Care,NYSE,1,Large cap,93448542445
HWM,HWM,Howmet Aerospace,Industrials,NYSE,1,Large cap,92099195085
ADBE,ADBE,Adobe Inc.,Information Technology,NASDAQ,1,Large cap,90749764000
USB,USB,U.S. Bancorp,Financials,NYSE,1,Large cap,90585111070
JCI,JCI,Johnson Controls,Industrials,NYSE,1,Large cap,90509890447
GD,GD,General Dynamics,Industrials,NYSE,1,Large cap,89916978186
BN,BN,Brookfield Corporation,Real Estate,NYSE,0,Large cap,89427855276
CDNS,CDNS,Cadence Design Systems,Information Technology,NASDAQ,1,Large cap,89274148810
DUK,DUK,Duke Energy,Utilities,NYSE,1,Large cap,89049787463
PNC,PNC,PNC Financial Services,Financials,NYSE,1,Large cap,88425863791
EMR,EMR,Emerson Electric,Industrials,NYSE,1,Large cap,87708472000
MELI,MELI,MercadoLibre Inc.,Industrials,NASDAQ,0,Large cap,87446913770
LITE,LITE,Lumentum,Information Technology,NASDAQ,1,Large cap,87322053000
CSX,CSX,CSX Corporation,Industrials,NASDAQ,1,Large cap,86936647855
MMM,MMM,3M,Industrials,NYSE,1,Large cap,86894070040
E,E,ENI S.p.A.,Energy,NYSE,0,Large cap,85985356740
BE,BE,Bloom Energy,Industrials,NYSE,1,Large cap,85781089523
BX,BX,Blackstone Inc.,Financials,NYSE,1,Large cap,85571262996
ICE,ICE,Intercontinental Exchange,Financials,NYSE,1,Large cap,85438626977
ELV,ELV,Elevance Health,Health Care,NYSE,1,Large cap,85171076262
WMB,WMB,Williams Companies,Energy,NYSE,1,Large cap,83945983603
KKR,KKR,KKR & Co.,Financials,NYSE,1,Large cap,83641685301
WM,WM,Waste Management,Industrials,NYSE,1,Large cap,82777017455
BCS,BCS,Barclays PLC,Financials,NYSE,0,Large cap,82292974218
HPE,HPE,Hewlett Packard Enterprise,Information Technology,NYSE,1,Large cap,81625809261
MRSH,MRSH,Marsh McLennan,Financials,NYSE,1,Large cap,81326344293
MRNA,MRNA,Moderna,Health Care,NASDAQ,1,Large cap,81228533976
DASH,DASH,DoorDash,Consumer Discretionary,NASDAQ,1,Large cap,81070044013
SHW,SHW,Sherwin-Williams,Materials,NYSE,1,Large cap,80217003416
UPS,UPS,United Parcel Service,Industrials,NYSE,1,Large cap,79913913997
SNPS,SNPS,Synopsys,Information Technology,NASDAQ,1,Large cap,79546455388
CTAS,CTAS,Cintas,Industrials,NASDAQ,1,Large cap,79000445507
SU,SU,Suncor Energy Inc.,Energy,NYSE,0,Large cap,78961695106
MCO,MCO,Moody's Corporation,Financials,NYSE,1,Large cap,78774824000
AMT,AMT,American Tower,Real Estate,NYSE,1,Large cap,77978414033
ECL,ECL,Ecolab,Materials,NYSE,1,Large cap,77894908916
EPD,EPD,Enterprise Products Partners L.P.,Energy,NYSE,0,Large cap,77784367627
WBD,WBD,Warner Bros. Discovery,Communication Services,NASDAQ,1,Large cap,77455197237
REGN,REGN,Regeneron Pharmaceuticals,Health Care,NASDAQ,1,Large cap,77268748044
CP,CP,Canadian Pacific Kansas City Limited,Industrials,NYSE,0,Large cap,77189749729
CMCSA,CMCSA,Comcast,Communication Services,NASDAQ,1,Large cap,76650549977
ITW,ITW,Illinois Tool Works,Industrials,NYSE,1,Large cap,76061536000
TRV,TRV,Travelers Companies (The),Financials,NYSE,1,Large cap,75756533741
MDLZ,MDLZ,Mondelez International,Consumer Staples,NASDAQ,1,Large cap,75710593941
ROST,ROST,Ross Stores,Consumer Discretionary,NASDAQ,1,Large cap,74879808984
SLB,SLB,Schlumberger,Energy,NYSE,1,Large cap,74014222930
MSI,MSI,Motorola Solutions,Information Technology,NYSE,1,Large cap,73830088703
EOG,EOG,EOG Resources,Energy,NYSE,1,Large cap,73255744720
CNI,CNI,Canadian National Railway Company,Industrials,NYSE,0,Large cap,72824255000
HLT,HLT,Hilton Worldwide,Consumer Discretionary,NYSE,1,Large cap,72794994490
CI,CI,Cigna,Health Care,NYSE,1,Large cap,72734836176
MFC,MFC,Manulife Financial Corporation,Financials,NYSE,0,Large cap,72463226118
BAM,BAM,Brookfield Asset Management Inc,Real Estate,NYSE,0,Large cap,71827748699
CMI,CMI,Cummins,Industrials,NYSE,1,Large cap,71774133587
NOC,NOC,Northrop Grumman,Industrials,NYSE,1,Large cap,71686423550
INTU,INTU,Intuit,Information Technology,NASDAQ,1,Large cap,71627265080
TGT,TGT,Target Corporation,Consumer Staples,NYSE,1,Large cap,71065638412
GM,GM,General Motors,Consumer Discretionary,NYSE,1,Large cap,70608525504
NSC,NSC,Norfolk Southern,Industrials,NYSE,1,Large cap,70302420749
APO,APO,Apollo Global Management,Financials,NYSE,1,Large cap,70274635921
CVNA,CVNA,Carvana,Consumer Discretionary,NYSE,1,Large cap,70011505047
RCL,RCL,Royal Caribbean Group,Consumer Discretionary,NYSE,1,Large cap,69716734736
ORLY,ORLY,O'Reilly Automotive,Consumer Discretionary,NASDAQ,1,Large cap,69627255367
CL,CL,Colgate-Palmolive,Consumer Staples,NYSE,1,Large cap,68923562795
ET,ET,Energy Transfer LP Common Units,Energy,NYSE,0,Large cap,68556095056
FDX,FDX,FedEx,Industrials,NYSE,1,Large cap,68035649949
DB,DB,Deutsche Bank AG,Financials,NYSE,0,Large cap,67937354000
B,B,Barrick Mining Corporation,Materials,NYSE,0,Large cap,67876273440
KMI,KMI,Kinder Morgan,Energy,NYSE,1,Large cap,67806123610
MPWR,MPWR,Monolithic Power Systems,Information Technology,NASDAQ,1,Large cap,66637416570
HON,HON,Honeywell Technologies,Industrials,NASDAQ,1,Large cap,66598604301
SPG,SPG,Simon Property Group,Real Estate,NYSE,1,Large cap,66095103484
DLR,DLR,Digital Realty,Real Estate,NYSE,1,Large cap,65333587235
MSTR,MSTR,Strategy Inc,Information Technology,NASDAQ,0,Large cap,65038271454
AEP,AEP,American Electric Power,Utilities,NASDAQ,1,Large cap,64946604094
RSG,RSG,Republic Services,Industrials,NYSE,1,Large cap,64892654298
NBIS,NBIS,Nebius Group N.V.,Information Technology,NASDAQ,0,Large cap,64526195268
BSX,BSX,Boston Scientific,Health Care,NYSE,1,Large cap,63592191601
URI,URI,United Rentals,Industrials,NYSE,1,Large cap,63147494790
TER,TER,Teradyne,Information Technology,NASDAQ,1,Large cap,63008449065
UMC,UMC,United Microelectronics Corporation (,Information Technology,NYSE,0,Large cap,62235844970
APD,APD,Air Products,Materials,NYSE,1,Large cap,62171573121
ALAB,ALAB,Astera Labs Inc.,Information Technology,NASDAQ,0,Large cap,62079909615
TEL,TEL,TE Connectivity,Information Technology,NYSE,1,Large cap,61547617141
WPM,WPM,Wheaton Precious Metals Corp,Materials,NYSE,0,Large cap,61488718068
KEYS,KEYS,Keysight Technologies,Information Technology,NYSE,1,Large cap,61398767284
TDG,TDG,TransDigm Group,Industrials,NYSE,1,Large cap,60792569430
MET,MET,MetLife,Financials,NYSE,1,Large cap,60497403450
NU,NU,Nu Holdings Ltd.,Financials,NYSE,0,Large cap,59967569355
NTRA,NTRA,Natera Inc.,Health Care,NASDAQ,0,Large cap,59750641348
NXPI,NXPI,NXP Semiconductors,Information Technology,NASDAQ,1,Large cap,59629262226
IMO,IMO,Imperial Oil Limited,Energy,AMEX,0,Large cap,58925807050
PCAR,PCAR,Paccar,Industrials,NASDAQ,1,Large cap,58847601745
GWW,GWW,W. W. Grainger,Industrials,NYSE,1,Large cap,58813533247
COR,COR,Cencora,Health Care,NYSE,1,Large cap,58698435954
TRGP,TRGP,Targa Resources,Energy,NYSE,1,Large cap,58644739933
FIX,FIX,Comfort Systems USA,Industrials,NYSE,1,Large cap,58600317501
AON,AON,Aon plc,Financials,NYSE,1,Large cap,58525407241
AJG,AJG,Arthur J. Gallagher & Co.,Financials,NYSE,1,Large cap,58372325000
TRP,TRP,TC Energy Corporation,Energy,NYSE,0,Large cap,58260000000
CVE,CVE,Cenovus Energy Inc,Energy,NYSE,0,Large cap,58050000000
MPLX,MPLX,MPLX LP Common Units Representing Limited Partner Interests,Energy,NYSE,0,Large cap,57840613220
AME,AME,Ametek,Industrials,NYSE,1,Large cap,57494134770
FAST,FAST,Fastenal,Industrials,NASDAQ,1,Large cap,57328978747
COHR,COHR,Coherent Corp.,Information Technology,NYSE,1,Large cap,57224140604
ALL,ALL,Allstate,Financials,NYSE,1,Large cap,56999239089
AFL,AFL,Aflac,Financials,NYSE,1,Large cap,56982679251
TFC,TFC,Truist Financial,Financials,NYSE,1,Large cap,56732320171
CRH,CRH,CRH plc,Materials,NYSE,1,Large cap,56579262187
GRMN,GRMN,Garmin,Consumer Discretionary,NYSE,1,Large cap,55971591523
DAL,DAL,Delta Air Lines,Industrials,NYSE,1,Large cap,55812466556
BKR,BKR,Baker Hughes,Energy,NASDAQ,1,Large cap,55510334050
LNG,LNG,Cheniere Energy Inc.,Utilities,NYSE,0,Large cap,55204515092
OXY,OXY,Occidental Petroleum,Energy,NYSE,1,Large cap,54920077163
OKE,OKE,Oneok,Energy,NYSE,1,Large cap,54753909276
NUE,NUE,Nucor,Materials,NYSE,1,Large cap,53597109698
D,D,Dominion Energy,Utilities,NYSE,1,Large cap,53334453547
NKE,NKE,"Nike, Inc.",Consumer Discretionary,NYSE,1,Large cap,53168593516
O,O,Realty Income,Real Estate,NYSE,1,Large cap,52174462340
CTVA,CTVA,Corteva,Materials,NYSE,1,Large cap,51954552520
SOMN,SOMN,Southern Company,Utilities,NYSE,0,Large cap,51904377026
CAH,CAH,Cardinal Health,Health Care,NYSE,1,Large cap,51848452939
MT,MT,Arcelor Mittal NY Registry Shares,Materials,NYSE,0,Large cap,51726110659
FANG,FANG,Diamondback Energy,Energy,NASDAQ,1,Large cap,51510479734
NDAQ,NDAQ,"Nasdaq, Inc.",Financials,NASDAQ,1,Large cap,51342071618
DVN,DVN,Devon Energy,Energy,NYSE,1,Large cap,51260000000
SRE,SRE,Sempra,Utilities,NYSE,1,Large cap,51121929207
EW,EW,Edwards Lifesciences,Health Care,NYSE,1,Large cap,50769312000
CIEN,CIEN,Ciena,Information Technology,NYSE,1,Large cap,50330681693
PSA,PSA,Public Storage,Real Estate,NYSE,1,Large cap,50153883448
COIN,COIN,Coinbase,Financials,NASDAQ,1,Large cap,50134292108
BDX,BDX,Becton Dickinson,Health Care,NYSE,1,Large cap,49566225996
A,A,Agilent Technologies,Health Care,NYSE,1,Large cap,49346007316
HONA,HONA,Honeywell Aerospace,Industrials,NASDAQ,1,Large cap,49267131574
WAB,WAB,Wabtec,Industrials,NYSE,1,Large cap,49191907137
STT,STT,State Street Corporation,Financials,NYSE,1,Large cap,48836479782
VMRK,VMRK,Vivmark Residential,Real Estate,NYSE,1,Large cap,48313125000
F,F,Ford Motor Company,Consumer Discretionary,NYSE,1,Large cap,48175946169
ROK,ROK,Rockwell Automation,Industrials,NYSE,1,Large cap,48018048938
AU,AU,AngloGold Ashanti PLC,Materials,NYSE,0,Large cap,47860944695
FNV,FNV,Franco-Nevada Corporation,Materials,NYSE,0,Large cap,47821132451
STM,STM,STMicroelectronics N.V.,Information Technology,NYSE,0,Large cap,47519106821
DEO,DEO,Diageo plc,Consumer Staples,NYSE,0,Large cap,47504506392
CRWV,CRWV,CoreWeave Inc.,Information Technology,NASDAQ,0,Large cap,47393540210
VST,VST,Vistra Corp.,Utilities,NYSE,1,Large cap,47267504512
AZO,AZO,AutoZone,Consumer Discretionary,NYSE,1,Large cap,46951231219
EBAY,EBAY,eBay Inc.,Consumer Discretionary,NASDAQ,1,Large cap,46818450000
ETR,ETR,Entergy,Utilities,NYSE,1,Large cap,46551158240
HUM,HUM,Humana,Health Care,NYSE,1,Large cap,46455468756
CCEP,CCEP,Coca-Cola Europacific Partners plc,Consumer Staples,NASDAQ,0,Large cap,46437863072
TEVA,TEVA,Teva Pharmaceutical Industries Limited,Health Care,NYSE,0,Large cap,46390437104
CBRS,CBRS,Cerebras Systems Inc.,Information Technology,NASDAQ,0,Large cap,46313109793
FITB,FITB,Fifth Third Bancorp,Financials,NYSE,1,Large cap,46224313987
PYPL,PYPL,PayPal,Financials,NASDAQ,1,Large cap,46100786500
MDLN,MDLN,Medline Inc.,Health Care,NASDAQ,0,Large cap,45988468070
KB,KB,KB Financial Group Inc,Financials,NYSE,0,Large cap,45863369644
CARR,CARR,Carrier Global,Industrials,NYSE,1,Large cap,45651121657
WDAY,WDAY,"Workday, Inc.",Information Technology,NASDAQ,1,Large cap,45589970000
VEEV,VEEV,Veeva Systems,Health Care,NYSE,1,Large cap,45102948345
AMP,AMP,Ameriprise Financial,Financials,NYSE,1,Large cap,44707617815
TWLO,TWLO,Twilio Inc.,Information Technology,NYSE,0,Large cap,44656602472
VTR,VTR,Ventas,Real Estate,NYSE,1,Large cap,44580168061
TEAM,TEAM,Atlassian Corporation,Information Technology,NASDAQ,0,Large cap,44542305887
XYZ,XYZ,"Block, Inc.",Financials,NYSE,1,Large cap,44488869750
IQV,IQV,IQVIA,Health Care,NYSE,1,Large cap,44275754000
XEL,XEL,Xcel Energy,Utilities,NASDAQ,1,Large cap,44155399091
LHX,LHX,L3Harris,Industrials,NYSE,1,Large cap,44034170246
SLF,SLF,Sun Life Financial Inc.,Financials,NYSE,0,Large cap,44025731404
RVMD,RVMD,Revolution Medicines Inc.,Health Care,NASDAQ,0,Large cap,43827510753
RKLB,RKLB,Rocket Lab Corporation,Industrials,NASDAQ,0,Large cap,43754853808
WAT,WAT,Waters Corporation,Health Care,NYSE,1,Large cap,43549457682
P,P,Everpure,Information Technology,NYSE,1,Large cap,43336203993
FERG,FERG,Ferguson Enterprises,Industrials,NYSE,1,Large cap,43308259755
HEI,HEI,Heico Corporation,Industrials,NYSE,0,Large cap,42920896650
MCHP,MCHP,Microchip Technology,Information Technology,NASDAQ,1,Large cap,42778224677
ADSK,ADSK,Autodesk,Information Technology,NASDAQ,1,Large cap,42464620000
KDP,KDP,Keurig Dr Pepper,Consumer Staples,NASDAQ,1,Large cap,42226431959
CLS,CLS,Celestica Inc.,Industrials,NYSE,0,Large cap,42134194522
FLEX,FLEX,Flex Ltd.,Information Technology,NASDAQ,1,Large cap,42049140986
IDXX,IDXX,Idexx Laboratories,Health Care,NASDAQ,1,Large cap,42024998519
EXC,EXC,Exelon,Utilities,NASDAQ,1,Large cap,41961123759
TRI,TRI,Thomson Reuters Corporation,Consumer Discretionary,NASDAQ,0,Large cap,41691168000
HMC,HMC,Honda Motor Company Ltd.,Industrials,NYSE,0,Large cap,41637635461
NTAP,NTAP,NetApp,Information Technology,NASDAQ,1,Large cap,41086927466
ILMN,ILMN,"Illumina, Inc.",Health Care,NASDAQ,1,Large cap,41072000000
FMX,FMX,Fomento Economico Mexicano S.A.B. de C.V.,Consumer Staples,NYSE,0,Large cap,40748910387
CMG,CMG,Chipotle Mexican Grill,Consumer Discretionary,NYSE,1,Large cap,40341525840
LYV,LYV,Live Nation Entertainment,Communication Services,NYSE,1,Large cap,40314597107
WCN,WCN,Waste Connections Inc.,Industrials,NYSE,0,Large cap,39702805356
PRU,PRU,Prudential Financial,Financials,NYSE,1,Large cap,39695700000
AIG,AIG,American International Group,Financials,NYSE,1,Large cap,39358168831
ARES,ARES,Ares Management,Financials,NYSE,1,Large cap,39293081934
FER,FER,Ferrovial N.V.,Industrials,NASDAQ,0,Large cap,39260809527
MSCI,MSCI,MSCI,Financials,NYSE,1,Large cap,39240552000
IBKR,IBKR,Interactive Brokers,Financials,NASDAQ,1,Large cap,39046276777
DHI,DHI,D. R. Horton,Consumer Discretionary,NYSE,1,Large cap,38990356620
SYY,SYY,Sysco,Consumer Staples,NYSE,1,Large cap,38610326720
ADM,ADM,Archer Daniels Midland,Consumer Staples,NYSE,1,Large cap,38267590890
ED,ED,Consolidated Edison,Utilities,NYSE,1,Large cap,38214392648
TTWO,TTWO,Take-Two Interactive,Communication Services,NASDAQ,1,Large cap,37915894232
CBRE,CBRE,CBRE Group,Real Estate,NYSE,1,Large cap,37888031990
CCJ,CCJ,Cameco Corporation,Materials,NYSE,0,Large cap,37839105129
YUM,YUM,Yum! Brands,Consumer Discretionary,NYSE,1,Large cap,37586666437
ODFL,ODFL,Old Dominion,Industrials,NASDAQ,1,Large cap,36797506140
UAL,UAL,United Airlines Holdings,Industrials,NASDAQ,1,Large cap,36564361916
BTSGU,BTSGU,BrightSpring Health Services Inc. Tangible Equity Unit,Health Care,NASDAQ,0,Large cap,36468358259
BAP,BAP,Credicorp Ltd.,Financials,NYSE,0,Large cap,36245641198
CRDO,CRDO,Credo Technology Group Holding Ltd,Information Technology,NASDAQ,0,Large cap,36152551427
KR,KR,Kroger,Consumer Staples,NYSE,1,Large cap,35901887073
OKTA,OKTA,Okta Inc.,Information Technology,NASDAQ,0,Large cap,35817311729
CHT,CHT,Chunghwa Telecom Co. Ltd.,Information Technology,NYSE,0,Large cap,35366198776
PAYX,PAYX,Paychex,Industrials,NASDAQ,1,Large cap,35352420774
VIK,VIK,Viking Holdings Ltd,Industrials,NYSE,0,Large cap,35087819130
ROP,ROP,Roper Technologies,Information Technology,NASDAQ,1,Large cap,34560910419
KVUE,KVUE,Kenvue,Consumer Staples,NYSE,1,Large cap,34401052794
CCL,CCL,Carnival Corporation,Consumer Discretionary,NYSE,1,Large cap,34391889378
NTR,NTR,Nutrien Ltd.,Materials,NYSE,0,Large cap,34306071745
EL,EL,Estée Lauder Companies (The),Consumer Staples,NYSE,1,Large cap,34142930768
HIG,HIG,Hartford (The),Financials,NYSE,1,Large cap,34089241452
AXON,AXON,Axon Enterprise,Industrials,NASDAQ,1,Large cap,34085594586
ALNY,ALNY,Alnylam Pharmaceuticals Inc.,Health Care,NASDAQ,0,Large cap,33996882610
UI,UI,Ubiquiti Inc.,Information Technology,NYSE,0,Large cap,33854734061
PEG,PEG,Public Service Enterprise Group,Utilities,NYSE,1,Large cap,33733067630
EME,EME,Emcor,Industrials,NYSE,1,Large cap,33613067859
TKO,TKO,TKO Group Holdings,Communication Services,NYSE,1,Large cap,33610515635
PPLC,PPLC,PPL Corporation Corporate Units,Utilities,NYSE,0,Large cap,33555974460
BIIB,BIIB,Biogen,Health Care,NASDAQ,1,Large cap,33550500326
RPRX,RPRX,Royalty Pharma plc,Health Care,NASDAQ,0,Large cap,33476570097
WEC,WEC,WEC Energy Group,Utilities,NYSE,1,Large cap,33425629708
JBL,JBL,Jabil,Information Technology,NYSE,1,Large cap,33410315457
IRM,IRM,Iron Mountain,Real Estate,NYSE,1,Large cap,33193863538
RKT,RKT,Rocket Companies Inc.,Financials,NYSE,0,Large cap,33101899901
KMB,KMB,Kimberly-Clark,Consumer Staples,NASDAQ,1,Large cap,32921998972
ESLT,ESLT,Elbit Systems Ltd.,Industrials,NASDAQ,0,Large cap,32712988204
ALC,ALC,Alcon Inc.,Health Care,NYSE,0,Large cap,32700368000
DXCM,DXCM,Dexcom,Health Care,NASDAQ,1,Large cap,32694536680
PCG,PCG,PG&E Corporation,Utilities,NYSE,1,Large cap,32643745841
QSR,QSR,Restaurant Brands International Inc.,Consumer Discretionary,NYSE,0,Large cap,32488295672
ACGL,ACGL,Arch Capital Group,Financials,NASDAQ,1,Large cap,32457714465
HSY,HSY,Hershey Company (The),Consumer Staples,NYSE,1,Large cap,32431410296
ZS,ZS,Zscaler Inc.,Information Technology,NASDAQ,0,Large cap,32342714622
RMD,RMD,ResMed|,Health Care,NYSE,1,Large cap,32143741346
STLD,STLD,Steel Dynamics,Materials,NASDAQ,1,Large cap,31804502727
TECK,TECK,Teck Resources Ltd,Materials,NYSE,0,Large cap,31746852526
NTRS,NTRS,Northern Trust,Financials,NASDAQ,1,Large cap,31640350630
PUK,PUK,Prudential Public Limited Company,Financials,NYSE,0,Large cap,31532399100
VMC,VMC,Vulcan Materials Company,Materials,NYSE,1,Large cap,31455238892
MTB,MTB,M&T Bank,Financials,NYSE,1,Large cap,31410536985
VG,VG,Venture Global Inc.,Utilities,NYSE,0,Large cap,31351164352
HBAN,HBAN,Huntington Bancshares,Financials,NASDAQ,1,Large cap,30851734393
MTD,MTD,Mettler Toledo,Health Care,NYSE,1,Large cap,30802803247
RJF,RJF,Raymond James Financial,Financials,NYSE,1,Large cap,30749019503
CNC,CNC,Centene Corporation,Health Care,NYSE,1,Large cap,30731428950
EQT,EQT,EQT Corporation,Energy,NYSE,1,Large cap,30575222080
EXPE,EXPE,Expedia Group,Consumer Discretionary,NASDAQ,1,Large cap,30493690650
SUNB,SUNB,Sunbelt Rentals Holdings Inc.,Industrials,NYSE,0,Large cap,30232454101
GEHC,GEHC,GE HealthCare,Health Care,NASDAQ,1,Large cap,30019068308
IR,IR,Ingersoll Rand,Industrials,NYSE,1,Large cap,29674196330
ON,ON,ON Semiconductor,Information Technology,NASDAQ,1,Large cap,29568748657
BIDU,BIDU,Baidu Inc. ADS,Information Technology,NASDAQ,0,Large cap,29503308062
CQP,CQP,Cheniere Energy Partners LP Common Units,Utilities,NYSE,0,Large cap,29479114174
RBLX,RBLX,Roblox Corporation,Information Technology,NYSE,0,Large cap,29418001250
ZTS,ZTS,Zoetis,Health Care,NYSE,1,Large cap,29049619221
KGC,KGC,Kinross Gold Corporation,Materials,NYSE,0,Large cap,29040512000
MLM,MLM,Martin Marietta Materials,Materials,NYSE,1,Large cap,28776942807
CCI,CCI,Crown Castle,Real Estate,NYSE,1,Large cap,28535296294
EXR,EXR,Extra Space Storage,Real Estate,NYSE,1,Large cap,28202373297
TDY,TDY,Teledyne Technologies,Information Technology,NYSE,1,Large cap,28072532012
RDDT,RDDT,Reddit,Communication Services,NYSE,1,Large cap,27966756694
KHC,KHC,Kraft Heinz,Consumer Staples,NYSE,1,Large cap,27807567125
AEE,AEE,Ameren,Utilities,NYSE,1,Large cap,27753535913
HPQ,HPQ,HP Inc.,Information Technology,NYSE,1,Large cap,27712036477
MDB,MDB,MongoDB Inc.,Information Technology,NASDAQ,0,Large cap,27162792622
FTS,FTS,Fortis Inc.,Utilities,NYSE,0,Large cap,27108354000
WSM,WSM,"Williams-Sonoma, Inc.",Consumer Discretionary,NYSE,1,Large cap,27084498623
DG,DG,Dollar General,Consumer Staples,NYSE,1,Large cap,27056443126
FTI,FTI,TechnipFMC plc,Energy,NYSE,0,Large cap,27000518114
SMCI,SMCI,Supermicro,Information Technology,NASDAQ,1,Large cap,26948720052
CFG,CFG,Citizens Financial Group,Financials,NYSE,1,Large cap,26908984985
WTW,WTW,Willis Towers Watson,Financials,NASDAQ,1,Large cap,26800054860
SYF,SYF,Synchrony Financial,Financials,NYSE,1,Large cap,26683967343
GFS,GFS,GlobalFoundries Inc.,Information Technology,NASDAQ,0,Large cap,26678054340
ATO,ATO,Atmos Energy,Utilities,NYSE,1,Large cap,26632595953
WST,WST,West Pharmaceutical Services,Health Care,NYSE,1,Large cap,26505623242
TSEM,TSEM,Tower Semiconductor Ltd.,Information Technology,NASDAQ,0,Large cap,26497857330
ROIV,ROIV,Roivant Sciences Ltd.,Health Care,NASDAQ,0,Large cap,26364790048
FOXA,FOXA,Fox Corporation (Class A),Communication Services,NASDAQ,1,Large cap,26346167903
Q,Q,Qnity Electronics,Information Technology,NYSE,1,Large cap,26278685086
HAL,HAL,Halliburton,Energy,NYSE,1,Large cap,26276931775
NVT,NVT,nVent Electric plc,Industrials,NYSE,0,Large cap,26169191578
ECHO,ECHO,EchoStar,Communication Services,NASDAQ,1,Large cap,26141436217
PBA,PBA,Pembina Pipeline Corp.,Energy,NYSE,0,Large cap,25896644150
AWK,AWK,American Water Works,Utilities,NYSE,1,Large cap,25795022772
CPAY,CPAY,Corpay,Financials,NYSE,1,Large cap,25784524527
ZM,ZM,Zoom Communications Inc.,Information Technology,NASDAQ,0,Large cap,25780549785
ATI,ATI,ATI Inc.,Materials,NYSE,0,Large cap,25729393868
SN,SN,SharkNinja Inc.,Consumer Discretionary,NYSE,0,Large cap,25700605947
DGX,DGX,Quest Diagnostics,Health Care,NYSE,1,Large cap,25603308319
CTSH,CTSH,Cognizant,Information Technology,NASDAQ,1,Large cap,25603248840
DOV,DOV,Dover Corporation,Industrials,NYSE,1,Large cap,25548838683
VICI,VICI,Vici Properties,Real Estate,NYSE,1,Large cap,25544999438
DTE,DTE,DTE Energy,Utilities,NYSE,1,Large cap,25467898765
WRB,WRB,W. R. Berkley Corporation,Financials,NYSE,1,Large cap,25325142028
VRSN,VRSN,Verisign,Information Technology,NASDAQ,1,Large cap,25269552000
FE,FE,FirstEnergy,Utilities,NYSE,1,Large cap,25251846632
INSM,INSM,Insmed Incorporated,Health Care,NASDAQ,0,Large cap,25251453192
CPRT,CPRT,Copart,Industrials,NASDAQ,1,Large cap,25126523621
SYM,SYM,Symbotic Inc.,Industrials,NASDAQ,0,Large cap,25105318899
LH,LH,Labcorp,Health Care,NYSE,1,Large cap,25044491000
OTIS,OTIS,Otis Worldwide,Industrials,NYSE,1,Large cap,24983328719
INCY,INCY,Incyte,Health Care,NASDAQ,1,Large cap,24972362307
CPNG,CPNG,Coupang Inc.,Consumer Discretionary,NYSE,0,Large cap,24895537073
LVS,LVS,Las Vegas Sands,Consumer Discretionary,NYSE,1,Large cap,24819909371
FFIV,FFIV,"F5, Inc.",Information Technology,NASDAQ,1,Large cap,24806669619
CINF,CINF,Cincinnati Financial,Financials,NASDAQ,1,Large cap,24729917391
PPL,PPL,PPL Corporation,Utilities,NYSE,1,Large cap,24517910920
EXPD,EXPD,Expeditors International,Industrials,NYSE,1,Large cap,24459035436
PFG,PFG,Principal Financial Group,Financials,NASDAQ,1,Large cap,24401505935
PHG,PHG,Koninklijke Philips N.V. NY Registry Shares,Health Care,NYSE,0,Large cap,24346056174
CNP,CNP,CenterPoint Energy,Utilities,NYSE,1,Large cap,24333127439
LPLA,LPLA,LPL Financial Holdings Inc.,Financials,NASDAQ,0,Large cap,24256562435
HUBB,HUBB,Hubbell Incorporated,Industrials,NYSE,1,Large cap,24254905020
FISV,FISV,Fiserv,Financials,NASDAQ,1,Large cap,24120938465
ES,ES,Eversource Energy,Utilities,NYSE,1,Large cap,24069516781
GH,GH,Guardant Health Inc.,Health Care,NASDAQ,0,Large cap,23850685294
RBRK,RBRK,Rubrik Inc.,Information Technology,NYSE,0,Large cap,23792329775
ENTG,ENTG,Entegris Inc.,Industrials,NASDAQ,0,Large cap,23648856000
PPG,PPG,PPG Industries,Materials,NYSE,1,Large cap,23568246000
XYL,XYL,Xylem Inc.,Industrials,NYSE,1,Large cap,23565823935
VLTO,VLTO,Veralto,Industrials,NYSE,1,Large cap,23562626698
TW,TW,Tradeweb Markets Inc.,Financials,NASDAQ,0,Large cap,23545583440
FOX,FOX,Fox Corporation (Class B),Communication Services,NASDAQ,1,Large cap,23542038316
ULTA,ULTA,Ulta Beauty,Consumer Discretionary,NASDAQ,1,Large cap,23426390786
FCNCA,FCNCA,First Citizens BancShares Inc.,Financials,NASDAQ,0,Large cap,23415832595
AFRM,AFRM,Affirm Holdings Inc.,Financials,NASDAQ,0,Large cap,23383293041
FWONK,FWONK,Liberty Media Corporation Series C,Industrials,NASDAQ,0,Large cap,23335945784
SW,SW,Smurfit Westrock,Materials,NYSE,1,Large cap,23278326657
ASTS,ASTS,AST SpaceMobile Inc.,Information Technology,NASDAQ,0,Large cap,23116549144
RF,RF,Regions Financial Corporation,Financials,NYSE,1,Large cap,22908384416
TPR,TPR,"Tapestry, Inc.",Consumer Discretionary,NYSE,1,Large cap,22795518159
TPL,TPL,Texas Pacific Land Corporation,Energy,NYSE,1,Large cap,22671978302
ROKU,ROKU,Roku Inc.,Communication Services,NASDAQ,0,Large cap,22580461944
BSP,BSP,Bending Spoons S.p.A.,Information Technology,NASDAQ,0,Large cap,22544588472
CHD,CHD,Church & Dwight,Consumer Staples,NYSE,1,Large cap,22522510970
AER,AER,AerCap Holdings N.V.,Industrials,NYSE,0,Large cap,22407802432
TROW,TROW,T. Rowe Price,Financials,NASDAQ,1,Large cap,22293639484
DRI,DRI,Darden Restaurants,Consumer Discretionary,NYSE,1,Large cap,22257752532
IOT,IOT,Samsara Inc.,Information Technology,NYSE,0,Large cap,22235429786
PHM,PHM,PulteGroup,Consumer Discretionary,NYSE,1,Large cap,22213125990
CASY,CASY,Casey's,Consumer Staples,NASDAQ,1,Large cap,22172404183
GPN,GPN,Global Payments,Financials,NYSE,1,Large cap,22050650439
IFF,IFF,International Flavors & Fragrances,Materials,NYSE,1,Large cap,21751534346
MTSI,MTSI,MACOM Technology Solutions Holdings Inc.,Information Technology,NASDAQ,0,Large cap,21709964555
RIVN,RIVN,Rivian Automotive Inc.,Industrials,NASDAQ,0,Large cap,21674473631
L,L,Loews Corporation,Financials,NYSE,1,Large cap,21655028380
VRSK,VRSK,Verisk Analytics,Industrials,NASDAQ,1,Large cap,21598088631
MKL,MKL,Markel Group Inc.,Financials,NYSE,0,Large cap,21559642016
JBHT,JBHT,J.B. Hunt,Industrials,NASDAQ,1,Large cap,21532817214
KEY,KEY,KeyCorp,Financials,NYSE,1,Large cap,21470626506
PS,PS,Pershing Square Inc.,Financials,NYSE,0,Large cap,21424000000
FWONA,FWONA,Liberty Media Corporation Series A,Industrials,NASDAQ,0,Large cap,21397969195
DLTR,DLTR,Dollar Tree,Consumer Staples,NASDAQ,1,Large cap,21258512877
CRCL,CRCL,Circle Internet Group Inc.,Financials,NYSE,0,Large cap,21249411240
RL,RL,Ralph Lauren Corporation,Consumer Discretionary,NYSE,1,Large cap,21206510505
VTRS,VTRS,Viatris,Health Care,NASDAQ,1,Large cap,20812466456
PKG,PKG,Packaging Corporation of America,Materials,NYSE,1,Large cap,20784851191
BG,BG,Bunge Global,Consumer Staples,NYSE,1,Large cap,20775761961
XPO,XPO,XPO Inc.,Industrials,NYSE,0,Large cap,20767626297
THC,THC,Tenet Healthcare Corporation,Health Care,NYSE,0,Large cap,20741694400
UTHR,UTHR,United Therapeutics Corporation,Health Care,NASDAQ,0,Large cap,20650581477
SNX,SNX,TD SYNNEX Corporation,Information Technology,NYSE,0,Large cap,20644550179
AMRZ,AMRZ,Amrize Ltd,Industrials,NYSE,0,Large cap,20624566035
EIX,EIX,Edison International,Utilities,NYSE,1,Large cap,20610636715
LUV,LUV,Southwest Airlines,Industrials,NYSE,1,Large cap,20585881098
ARXS,ARXS,Arxis Inc.,Industrials,NASDAQ,0,Large cap,20560612723
SOFI,SOFI,SoFi Technologies Inc.,Financials,NASDAQ,0,Large cap,20548883855
STE,STE,Steris,Health Care,NYSE,1,Large cap,20538398172
NRG,NRG,NRG Energy,Utilities,NYSE,1,Large cap,20426152633
OMC,OMC,Omnicom Group,Communication Services,NYSE,1,Large cap,20340009993
BCH,BCH,Banco De Chile ADS,Financials,NYSE,0,Large cap,20329687592
BRO,BRO,Brown & Brown,Financials,NYSE,1,Large cap,20277387634
USFD,USFD,US Foods Holding Corp.,Consumer Discretionary,NYSE,0,Large cap,20270188745
RGLD,RGLD,Royal Gold Inc.,Materials,NASDAQ,0,Large cap,20244026873
LEN,LEN,Lennar,Consumer Discretionary,NYSE,1,Large cap,19996705737
DOW,DOW,Dow Inc.,Materials,NYSE,1,Large cap,19943827031
CMS,CMS,CMS Energy,Utilities,NYSE,1,Large cap,19896469279
RS,RS,Reliance Inc.,Industrials,NYSE,0,Large cap,19767813150
CW,CW,Curtiss-Wright Corporation,Industrials,NYSE,0,Large cap,19717452929
AMCR,AMCR,Amcor,Materials,NYSE,1,Large cap,19631197997
SITM,SITM,SiTime Corporation,Information Technology,NASDAQ,0,Large cap,19589174981
EXE,EXE,Expand Energy,Energy,NASDAQ,1,Large cap,19487988958
WWD,WWD,Woodward Inc.,Industrials,NASDAQ,0,Large cap,19472130520
CRS,CRS,Carpenter Technology Corporation,Materials,NYSE,0,Large cap,19414072645
STZ,STZ,Constellation Brands,Consumer Staples,NYSE,1,Large cap,19258684002
PAAS,PAAS,Pan American Silver Corp.,Materials,NYSE,0,Large cap,19130474520
BEP,BEP,Brookfield Re,Utilities,NYSE,0,Large cap,19045567100
FSLR,FSLR,First Solar,Information Technology,NASDAQ,1,Large cap,19014629591
SNA,SNA,Snap-on,Industrials,NYSE,1,Large cap,18987992678
NTNX,NTNX,Nutanix Inc.,Information Technology,NASDAQ,0,Large cap,18964263846
GFL,GFL,GFL Environmental Inc. Subordinate voting shares no par value,Industrials,NYSE,0,Large cap,18951191150
SQM,SQM,Sociedad Quimica y Minera S.A.,Materials,NYSE,0,Large cap,18874946353
NI,NI,NiSource,Utilities,NYSE,1,Large cap,18856303132
LYB,LYB,LyondellBasell,Materials,NYSE,1,Large cap,18794348047
BCE,BCE,BCE Inc.,Information Technology,NYSE,0,Large cap,18781069954
DINO,DINO,HF Sinclair Corporation,Energy,NYSE,0,Large cap,18772196616
BBY,BBY,Best Buy,Consumer Discretionary,NYSE,1,Large cap,18613333198
WES,WES,Western Midstream Partners LP Common Units Representing Limited Partner Interests,Energy,NYSE,0,Large cap,18568066209
NDSN,NDSN,Nordson Corporation,Industrials,NASDAQ,1,Large cap,18354612078
BR,BR,Broadridge Financial Solutions,Industrials,NYSE,1,Large cap,18351808388
CDE,CDE,Coeur Mining Inc.,Materials,NYSE,0,Large cap,18338360364
ITT,ITT,ITT Inc.,Industrials,NYSE,0,Large cap,18285876000
SSNC,SSNC,SS&C Technologies Holdings Inc.,Information Technology,NASDAQ,0,Large cap,18206881140
EVRG,EVRG,Evergy,Utilities,NASDAQ,1,Large cap,18152553452
KSPI,KSPI,Joint Stock Company Kaspi.kz American Depository Shares,Other,NASDAQ,0,Large cap,18128679274
GIS,GIS,General Mills,Consumer Staples,NYSE,1,Large cap,18083119210
MKSI,MKSI,MKS Inc.,Industrials,NASDAQ,0,Large cap,17987622779
TSN,TSN,Tyson Foods,Consumer Staples,NYSE,1,Large cap,17934841082
ONON,ONON,On Holding AG,Consumer Discretionary,NYSE,0,Large cap,17831388119
LSCC,LSCC,Lattice Semiconductor Corporation,Information Technology,NASDAQ,0,Large cap,17817697622
WCC,WCC,WESCO International Inc.,Information Technology,NYSE,0,Large cap,17790415681
ZBRA,ZBRA,Zebra Technologies,Information Technology,NASDAQ,1,Large cap,17787388840
PR,PR,Permian Resources Corporation,Energy,NYSE,0,Large cap,17756209015
IP,IP,International Paper,Materials,NYSE,1,Large cap,17645268901
TOST,TOST,Toast Inc.,Information Technology,NYSE,0,Large cap,17605880000
ESS,ESS,Essex Property Trust,Real Estate,NYSE,1,Large cap,17605053495
DD,DD,DuPont,Industrials,NYSE,1,Large cap,17571791907
CF,CF,CF Industries,Materials,NYSE,1,Large cap,17511335022
GPC,GPC,Genuine Parts Company,Consumer Discretionary,NYSE,1,Large cap,17501296278
CHRW,CHRW,C.H. Robinson,Industrials,NASDAQ,1,Large cap,17493801835
U,U,Unity Software Inc.,Information Technology,NYSE,0,Large cap,17480332419
ZBH,ZBH,Zimmer Biomet,Health Care,NYSE,1,Large cap,17421980513
MEDP,MEDP,Medpace Holdings Inc.,Health Care,NASDAQ,0,Large cap,17364119692
FTAI,FTAI,FTAI Aviation Ltd.,Industrials,NASDAQ,0,Large cap,17350308883
SBAC,SBAC,SBA Communications,Real Estate,NASDAQ,1,Large cap,17272205189
FIS,FIS,Fidelity National Information Services,Financials,NYSE,1,Large cap,17198792332
EWBC,EWBC,East West Bancorp Inc.,Financials,NASDAQ,0,Large cap,17197728165
MGA,MGA,Magna International Inc.,Consumer Discretionary,NYSE,0,Large cap,17137732578
RVTY,RVTY,Revvity,Health Care,NYSE,1,Large cap,17047054481
NWS,NWS,News Corp (Class B),Communication Services,NASDAQ,1,Large cap,17024049095
IEX,IEX,IDEX Corporation,Industrials,NYSE,1,Large cap,16987275635
BURL,BURL,Burlington Stores Inc.,Consumer Discretionary,NYSE,0,Large cap,16963243410
PAA,PAA,Plains All American Pipeline L.P. Common Units representing Limited Partner Interests,Energy,NASDAQ,0,Large cap,16884205388
MTZ,MTZ,MasTec Inc.,Industrials,NYSE,0,Large cap,16882509218
SMTC,SMTC,Semtech Corporation,Information Technology,NASDAQ,0,Large cap,16807945243
AEG,AEG,Aegon Ltd.,Financials,NYSE,0,Large cap,16779674983
FDXF,FDXF,FedEx Freight,Industrials,NYSE,1,Large cap,16755001984
APG,APG,APi Group Corporation,Industrials,NYSE,0,Large cap,16746211509
FTV,FTV,Fortive,Industrials,NYSE,1,Large cap,16734764851
IONQ,IONQ,IonQ Inc.,Information Technology,NYSE,0,Large cap,16729811608
LNT,LNT,Alliant Energy,Utilities,NASDAQ,1,Large cap,16682377534
RCI,RCI,Rogers Communication Inc.,Communication Services,NYSE,0,Large cap,16676723462
OVV,OVV,Ovintiv Inc. (DE),Energy,NYSE,0,Large cap,16631241000
DT,DT,Dynatrace Inc.,Information Technology,NYSE,0,Large cap,16626292424
NVR,NVR,"NVR, Inc.",Consumer Discretionary,NYSE,1,Large cap,16614416102
BEN,BEN,Franklin Resources,Financials,NYSE,1,Large cap,16598872650
EFX,EFX,Equifax,Industrials,NYSE,1,Large cap,16545397904
RGA,RGA,Reinsurance Group of America Incorporated,Financials,NYSE,0,Large cap,16517403145
CLH,CLH,Clean Harbors Inc.,Industrials,NYSE,0,Large cap,16452729457
TPG,TPG,TPG Inc.,Financials,NASDAQ,0,Large cap,16439466321
TSCO,TSCO,Tractor Supply,Consumer Discretionary,NASDAQ,1,Large cap,16417974717
IREN,IREN,IREN Limited,Financials,NASDAQ,0,Large cap,16306146854
BIP,BIP,Brookfield Infrastructure Partners LP Limited Partnership Units,Industrials,NYSE,0,Large cap,16244287499
CDW,CDW,CDW Corporation,Information Technology,NASDAQ,1,Large cap,16216010326
CNH,CNH,CNH Industrial N.V.,Industrials,NYSE,0,Large cap,16164701011
BMNR,BMNR,BitMine Immersion Technologies Inc.,Financials,NYSE,0,Large cap,16124241512
J,J,Jacobs Solutions,Industrials,NYSE,1,Large cap,15973429629
WIT,WIT,Wipro Limited,Information Technology,NYSE,0,Large cap,15944715173
RBC,RBC,RBC Bearings Incorporated,Industrials,NYSE,0,Large cap,15891041435
DOCN,DOCN,DigitalOcean Holdings Inc.,Information Technology,NYSE,0,Large cap,15874415046
BSAC,BSAC,Banco Santander - Chile ADS,Financials,NYSE,0,Large cap,15834185804
INVH,INVH,Invitation Homes,Real Estate,NYSE,1,Large cap,15692859115
GIB,GIB,CGI Inc.,Industrials,NYSE,0,Large cap,15680292323
AKAM,AKAM,Akamai Technologies,Information Technology,NASDAQ,1,Large cap,15586066246
LDOS,LDOS,Leidos,Industrials,NYSE,1,Large cap,15448090928
STRL,STRL,Sterling Infrastructure Inc.,Industrials,NASDAQ,0,Large cap,15445366279
NWSA,NWSA,News Corp (Class A),Communication Services,NASDAQ,1,Large cap,15413520006
HST,HST,Host Hotels & Resorts,Real Estate,NASDAQ,1,Large cap,15374191514
TIGO,TIGO,Millicom International Cellular S.A.,Information Technology,NASDAQ,0,Large cap,15370195652
NLY,NLY,Annaly Capital Management Inc.,Real Estate,NYSE,0,Large cap,15315477461
H,H,Hyatt Hotels Corporation,Consumer Discretionary,NYSE,0,Large cap,15261601378
SOLV,SOLV,Solventum,Health Care,NYSE,1,Large cap,15204383474
FN,FN,Fabrinet,Information Technology,NYSE,0,Large cap,15198282520
AS,AS,Amer Sports Inc.,Consumer Discretionary,NYSE,0,Large cap,15190859622
TLN,TLN,Talen Energy Corporation,Utilities,NASDAQ,0,Large cap,15085325304
JAZZ,JAZZ,Jazz Pharmaceuticals plc,Health Care,NASDAQ,0,Large cap,15082901966
CRBG,CRBG,Corebridge Financial Inc.,Financials,NYSE,0,Large cap,15053738068
KIM,KIM,Kimco Realty,Real Estate,NYSE,1,Large cap,15039097743
WPC,WPC,W. P. Carey Inc. REIT,Real Estate,NYSE,0,Large cap,15031357676
BALL,BALL,Ball Corporation,Materials,NYSE,1,Large cap,14995445174
TEM,TEM,Tempus AI Inc.,Information Technology,NASDAQ,0,Large cap,14992907280
ASND,ASND,Ascendis Pharma A/S,Health Care,NASDAQ,0,Large cap,14978105882
ONTO,ONTO,Onto Innovation Inc.,Industrials,NYSE,0,Large cap,14952432318
PTC,PTC,PTC Inc.,Information Technology,NASDAQ,1,Large cap,14926121263
SUN,SUN,Sunoco LP Common Units representing limited partner interests,Energy,NYSE,0,Large cap,14872316312
LAMR,LAMR,Lamar Advertising Company,Real Estate,NASDAQ,0,Large cap,14822191877
APA,APA,APA Corporation,Energy,NASDAQ,1,Large cap,14781330207
RBA,RBA,RB Global Inc.,Industrials,NYSE,0,Large cap,14775255979
LECO,LECO,Lincoln Electric Holdings Inc.,Industrials,NASDAQ,0,Large cap,14760704053
EMA,EMA,Emera Incorporated,Utilities,NYSE,0,Large cap,14724096000
ROL,ROL,"Rollins, Inc.",Industrials,NYSE,1,Large cap,14674934822
CX,CX,Cemex S.A.B. de C.V. Sponsored ADR,Industrials,NYSE,0,Large cap,14628590510
JHX,JHX,James Hardie Industries plc.,Industrials,NYSE,0,Large cap,14571114449
EXEL,EXEL,Exelixis Inc.,Health Care,NASDAQ,0,Large cap,14532396236
PFGC,PFGC,Performance Food Group Company,Consumer Discretionary,NYSE,0,Large cap,14491463614
OWL,OWL,Blue Owl Capital Inc.,Financials,NYSE,0,Large cap,14468375829
WMG,WMG,Warner Music Group Corp.,Consumer Discretionary,NASDAQ,0,Large cap,14448291820
LOGI,LOGI,Logitech International S.A.,Information Technology,NASDAQ,0,Large cap,14414769382
VNOM,VNOM,Viper Energy Inc.,Energy,NASDAQ,0,Large cap,14396531311
ARMK,ARMK,Aramark,Consumer Discretionary,NYSE,0,Large cap,14354383646
SGI,SGI,Somnigroup International Inc.,Consumer Discretionary,NYSE,0,Large cap,14334691969
JLL,JLL,Jones Lang LaSalle Incorporated,Real Estate,NYSE,0,Large cap,14252110542
KEP,KEP,Korea Electric Power Corporation,Utilities,NYSE,0,Large cap,14251602509
EQH,EQH,Equitable Holdings Inc.,Financials,NYSE,0,Large cap,14249704844
EG,EG,Everest Group,Financials,NYSE,1,Large cap,14141183727
CG,CG,The Carlyle Group Inc.,Financials,NASDAQ,0,Large cap,14139285425
PNFP,PNFP,Pinnacle Financial Partners Inc.,Financials,NYSE,0,Large cap,14132054093
CRL,CRL,Charles River Laboratories,Health Care,NYSE,1,Large cap,14128796557
OHI,OHI,Omega Healthcare Investors Inc.,Real Estate,NYSE,0,Large cap,14102225020
WY,WY,Weyerhaeuser,Real Estate,NYSE,1,Large cap,14090388800
NBIX,NBIX,Neurocrine Biosciences Inc.,Health Care,NASDAQ,0,Large cap,14063164191
WSE,WSE,Wise Group plc,Industrials,NASDAQ,0,Large cap,13991747679
YUMC,YUMC,Yum China Holdings Inc.,Consumer Discretionary,NYSE,0,Large cap,13972291949
UNM,UNM,Unum Group,Financials,NYSE,0,Large cap,13968991856
W,W,Wayfair Inc.,Consumer Discretionary,NYSE,0,Large cap,13963894737
ARCC,ARCC,Ares Capital Corporation,Financials,NASDAQ,0,Large cap,13900922279
EMBJ,EMBJ,Embraer S.A.,Industrials,NYSE,0,Large cap,13889758295
DOC,DOC,Healthpeak Properties,Real Estate,NYSE,1,Large cap,13880183744
AGI,AGI,Alamos Gold Inc.,Materials,NYSE,0,Large cap,13875657179
INIO,INIO,INNIO N.V.,Industrials,NASDAQ,0,Large cap,13785000000
SKM,SKM,SK Telecom Co. Ltd.,Information Technology,NYSE,0,Large cap,13774357800
MAA,MAA,Mid-America Apartment Communities,Real Estate,NYSE,1,Large cap,13740480368
SUI,SUI,Sun Communities Inc.,Real Estate,NYSE,0,Large cap,13628309079
RNR,RNR,RenaissanceRe Holdings Ltd.,Financials,NYSE,0,Large cap,13484835835
MAS,MAS,Masco,Industrials,NYSE,1,Large cap,13481704589
AMKR,AMKR,Amkor Technology Inc.,Information Technology,NASDAQ,0,Large cap,13451216834
MLI,MLI,Mueller Industries Inc.,Industrials,NYSE,0,Large cap,13445616577
CACI,CACI,CACI International Inc.,Information Technology,NYSE,0,Large cap,13439648920
IVZ,IVZ,Invesco,Financials,NYSE,1,Large cap,13430423308
SWK,SWK,Stanley Black & Decker,Industrials,NYSE,1,Large cap,13408767554
VICR,VICR,Vicor Corporation,Industrials,NASDAQ,0,Large cap,13402304858
CET,CET,Central Securities Corporation,Financials,AMEX,0,Large cap,13383993560
TRMB,TRMB,Trimble Inc.,Information Technology,NASDAQ,1,Large cap,13370532484
TXT,TXT,Textron,Industrials,NYSE,1,Large cap,13351344367
FICO,FICO,Fair Isaac,Information Technology,NYSE,1,Large cap,13344530737
EQX,EQX,Equinox Gold Corp.,Materials,AMEX,0,Large cap,13309041971
REG,REG,Regency Centers,Real Estate,NASDAQ,1,Large cap,13305538945
PAG,PAG,Penske Automotive Group Inc.,Consumer Discretionary,NYSE,0,Large cap,13249454514
SWKS,SWKS,Skyworks Solutions,Information Technology,NASDAQ,1,Large cap,13247623727
ALLE,ALLE,Allegion,Industrials,NYSE,1,Large cap,13217267648
ULS,ULS,UL Solutions Inc.,Health Care,NYSE,0,Large cap,13107229391
TLK,TLK,PT Telekomunikasi Indonesia Tbk,Information Technology,NYSE,0,Large cap,13076212591
SMMT,SMMT,Summit Therapeutics Inc.,Health Care,NASDAQ,0,Large cap,13075115977
ICLR,ICLR,ICON plc,Health Care,NASDAQ,0,Large cap,13043243814
FLUT,FLUT,Flutter Entertainment plc,Information Technology,NYSE,0,Large cap,13042233937
MKC,MKC,McCormick & Company,Consumer Staples,NYSE,1,Large cap,13012415117
AIZ,AIZ,Assurant,Financials,NYSE,1,Large cap,13004211170
TU,TU,Telus Corporation,Information Technology,NYSE,0,Large cap,12966240000
CHKP,CHKP,Check Point Software Technologies Ltd.,Information Technology,NASDAQ,0,Large cap,12959633474
TYL,TYL,Tyler Technologies,Information Technology,NYSE,1,Large cap,12951566175
AVY,AVY,Avery Dennison,Materials,NYSE,1,Large cap,12943098891
TTMI,TTMI,TTM Technologies Inc.,Industrials,NASDAQ,0,Large cap,12936840499
CSL,CSL,Carlisle Companies Incorporated,Materials,NYSE,0,Large cap,12933304553
IESC,IESC,IES Holdings Inc.,Industrials,NASDAQ,0,Large cap,12928516121
BBIO,BBIO,BridgeBio Pharma Inc.,Health Care,NASDAQ,0,Large cap,12896308660
SJM,SJM,J.M. Smucker Company (The),Consumer Staples,NYSE,1,Large cap,12893558188
STLA,STLA,Stellantis N.V.,Industrials,NYSE,0,Large cap,12835850558
QNT,QNT,Quantinuum Inc.,Information Technology,NASDAQ,0,Large cap,12831005760
GRAB,GRAB,Grab Holdings Limited,Industrials,NASDAQ,0,Large cap,12793503163
RPM,RPM,RPM International Inc.,Consumer Discretionary,NYSE,0,Large cap,12770308958
GL,GL,Globe Life,Financials,NYSE,1,Large cap,12763156158
COKE,COKE,Coca-Cola Consolidated Inc.,Consumer Staples,NASDAQ,0,Large cap,12703795510
ALB,ALB,Albemarle Corporation,Materials,NYSE,1,Large cap,12699704234
CHTR,CHTR,Charter Communications,Communication Services,NASDAQ,1,Large cap,12680291040
HALO,HALO,Halozyme Therapeutics Inc.,Health Care,NASDAQ,0,Large cap,12661836880
GGG,GGG,Graco Inc.,Industrials,NYSE,0,Large cap,12648593654
BWXT,BWXT,BWX Technologies Inc.,Industrials,NYSE,0,Large cap,12644749460
PEN,PEN,Penumbra Inc.,Health Care,NYSE,0,Large cap,12559711099
GNRC,GNRC,Generac,Industrials,NYSE,1,Large cap,12522329931
TOL,TOL,Toll Brothers Inc.,Consumer Discretionary,NYSE,0,Large cap,12520934360
PAC,PAC,Grupo Aeroportuario Del Pacifico S.A. B. de C.V. Grupo Aeroportuario Del Pacifico S.A. de C.V. (each representing 10 Series B shares),Industrials,NYSE,0,Large cap,12519777946
DOCU,DOCU,DocuSign Inc.,Information Technology,NASDAQ,0,Large cap,12518726235
MAIR,MAIR,Madison Air Solutions Corporation,Industrials,NYSE,0,Large cap,12487875813
GEN,GEN,Gen Digital,Information Technology,NASDAQ,1,Large cap,12480539617
HAS,HAS,Hasbro,Consumer Discretionary,NASDAQ,1,Large cap,12448584657
LII,LII,Lennox International,Industrials,NYSE,1,Large cap,12447372708
CNA,CNA,CNA Financial Corporation,Financials,NYSE,0,Large cap,12444936679
BWA,BWA,BorgWarner Inc.,Consumer Discretionary,NYSE,0,Large cap,12411427613
WSO,WSO,Watsco Inc.,Industrials,NYSE,0,Large cap,12408659955
DTM,DTM,DT Midstream Inc.,Energy,NYSE,0,Large cap,12408120452
SEIC,SEIC,SEI Investments Company,Financials,NASDAQ,0,Large cap,12403982460
CORT,CORT,Corcept Therapeutics Incorporated,Health Care,NASDAQ,0,Large cap,12403210072
AIT,AIT,Applied Industrial Technologies Inc.,Consumer Discretionary,NYSE,0,Large cap,12348098804
TWST,TWST,Twist Bioscience Corporation,Health Care,NASDAQ,0,Large cap,12340637517
TRU,TRU,TransUnion,Financials,NYSE,0,Large cap,12317964000
BNT,BNT,Brookfield Wealth Solutions Ltd.,Financials,NYSE,0,Large cap,12310480442
NVMI,NVMI,Nova Ltd.,Information Technology,NASDAQ,0,Large cap,12240258177
FIVE,FIVE,Five Below Inc.,Consumer Discretionary,NASDAQ,0,Large cap,12223647391
EHC,EHC,Encompass Health Corporation,Health Care,NYSE,0,Large cap,12189612127
JBS,JBS,JBS N.V.,Consumer Staples,NYSE,0,Large cap,12176464856
AHR,AHR,American Healthcare REIT Inc.,Real Estate,NYSE,0,Large cap,12144285216
BAX,BAX,Baxter International,Health Care,NYSE,1,Large cap,12139066057
BJ,BJ,BJ's Wholesale Club Holdings Inc.,Consumer Discretionary,NYSE,0,Large cap,12061789939
QXO,QXO,QXO Inc.,Consumer Discretionary,NYSE,0,Large cap,12055642039
CR,CR,Crane Company,Industrials,NYSE,0,Large cap,12045016187
NXT,NXT,Nextpower Inc.,Information Technology,NASDAQ,0,Large cap,12033668231
HBM,HBM,Hudbay Minerals Inc.,Materials,NYSE,0,Large cap,11996349968
GME,GME,GameStop Corporation,Consumer Discretionary,NYSE,0,Large cap,11986943522
DKS,DKS,Dick's Sporting Goods Inc,Consumer Discretionary,NYSE,0,Large cap,11978407093
WTS,WTS,Watts Water Technologies Inc.,Industrials,NYSE,0,Large cap,11940783155
SANM,SANM,Sanmina Corporation,Industrials,NASDAQ,0,Large cap,11937739102
GDDY,GDDY,GoDaddy,Information Technology,NYSE,1,Large cap,11912483038
UHAL,UHAL,U-Haul Holding Company,Consumer Discretionary,NYSE,0,Large cap,11834675976
SAIL,SAIL,SailPoint Inc.,Information Technology,NASDAQ,0,Large cap,11800743454
MDGL,MDGL,Madrigal Pharmaceuticals Inc.,Health Care,NASDAQ,0,Large cap,11770165949
IT,IT,Gartner,Information Technology,NYSE,1,Large cap,11736237190
TXG,TXG,10x Genomics Inc.,Health Care,NASDAQ,0,Large cap,11731416767
ARW,ARW,Arrow Electronics Inc.,Information Technology,NYSE,0,Large cap,11719955537
GWRE,GWRE,Guidewire Software Inc.,Information Technology,NYSE,0,Large cap,11685595186
MANH,MANH,Manhattan Associates Inc.,Information Technology,NASDAQ,0,Large cap,11667407947
BMRN,BMRN,BioMarin Pharmaceutical Inc.,Health Care,NASDAQ,0,Large cap,11589260951
CCK,CCK,Crown Holdings Inc.,Materials,NYSE,0,Large cap,11566680345
HL,HL,Hecla Mining Company,Materials,NYSE,0,Large cap,11520828592
ALLY,ALLY,Ally Financial Inc.,Financials,NYSE,0,Large cap,11501790392
AFG,AFG,American Financial Group Inc.,Financials,NYSE,0,Large cap,11481306182
HUT,HUT,Hut 8 Corp.,Financials,NASDAQ,0,Large cap,11445874198
HMY,HMY,Harmony Gold Mining Company Limited,Materials,NYSE,0,Large cap,11413123678
ELS,ELS,Equity Lifestyle Properties Inc.,Real Estate,NYSE,0,Large cap,11393533781
MICC,MICC,The Magnum Ice Cream Company N.V.,Consumer Staples,NYSE,0,Large cap,11357418158
TECH,TECH,Bio-Techne,Health Care,NASDAQ,1,Large cap,11350504066
AEIS,AEIS,Advanced Energy Industries Inc.,Industrials,NASDAQ,0,Large cap,11346290219
FPS,FPS,Forgent Power Solutions Inc.,Industrials,NYSE,0,Large cap,11324754671
PNW,PNW,Pinnacle West Capital,Utilities,NYSE,1,Large cap,11319821656
ELAN,ELAN,Elanco Animal Health Incorporated,Health Care,NYSE,0,Large cap,11296449576
SNN,SNN,Smith & Nephew SNATS Inc.,Health Care,NYSE,0,Large cap,11284195800
PSKY,PSKY,Paramount Skydance Corporation,Communication Services,NASDAQ,1,Large cap,11208238332
AGNC,AGNC,AGNC Investment Corp.,Real Estate,NASDAQ,0,Large cap,11202799674
RMBS,RMBS,Rambus Inc.,Information Technology,NASDAQ,0,Large cap,11184560501
DVA,DVA,DaVita,Health Care,NYSE,1,Large cap,11177122000
FROG,FROG,JFrog Ltd.,Information Technology,NASDAQ,0,Large cap,11142739475
GLPI,GLPI,Gaming and Leisure Properties Inc.,Real Estate,NASDAQ,0,Large cap,11133510046
WTRG,WTRG,Essential Utilities Inc.,Utilities,NYSE,0,Large cap,11132634674
AA,AA,Alcoa Corporation,Materials,NYSE,0,Large cap,11076279407
FIG,FIG,Figma Inc.,Information Technology,NYSE,0,Large cap,11043964444
FNF,FNF,Fidelity National Financial Inc.,Financials,NYSE,0,Large cap,11038816759
AMH,AMH,American Homes 4 Rent,Real Estate,NYSE,0,Large cap,11019640682
BTSG,BTSG,BrightSpring Health Services Inc.,Health Care,NASDAQ,0,Large cap,11019059581
FHN,FHN,First Horizon Corporation,Financials,NYSE,0,Large cap,10944252350
HRL,HRL,Hormel Foods,Consumer Staples,NYSE,1,Large cap,10924463380
CSGP,CSGP,CoStar Group,Real Estate,NASDAQ,1,Large cap,10920074997
UDR,UDR,"UDR, Inc.",Real Estate,NYSE,1,Large cap,10906920337
EGP,EGP,EastGroup Properties Inc.,Real Estate,NYSE,0,Large cap,10897162690
FRO,FRO,Frontline Plc,Industrials,NYSE,0,Large cap,10892937959
LFUS,LFUS,Littelfuse Inc.,Industrials,NASDAQ,0,Large cap,10889966764
FRHC,FRHC,Freedom Holding Corp.,Financials,NASDAQ,0,Large cap,10842627467
AUR,AUR,Aurora Innovation Inc.,Information Technology,NASDAQ,0,Large cap,10802396895
COO,COO,Cooper Companies (The),Health Care,NASDAQ,1,Large cap,10768494299
PAYP,PAYP,PayPay Corporation American Depository Shares,Industrials,NASDAQ,0,Large cap,10725947258
RDY,RDY,Dr. Reddy's Laboratories Ltd,Health Care,NYSE,0,Large cap,10725342065
GSAT,GSAT,Globalstar Inc.,Information Technology,NASDAQ,0,Large cap,10700640380
FORM,FORM,FormFactor Inc. FormFactor Inc.,Information Technology,NASDAQ,0,Large cap,10643948781
IAG,IAG,Iamgold Corporation,Materials,NYSE,0,Large cap,10643440000
AES,AES,AES Corporation,Utilities,NYSE,1,Large cap,10601698042
DECK,DECK,Deckers Brands,Consumer Discretionary,NYSE,1,Large cap,10596657153
BEPC,BEPC,Brookfield Re,Utilities,NYSE,0,Large cap,10590503175
DDS,DDS,Dillard's Inc.,Consumer Discretionary,NYSE,0,Large cap,10582490442
SF,SF,Stifel Financial Corporation,Financials,NYSE,0,Large cap,10524820860
XP,XP,XP Inc.,Financials,NASDAQ,0,Large cap,10506183004
PINS,PINS,Pinterest Inc.,Information Technology,NYSE,0,Large cap,10499443521
SCI,SCI,Service Corporation International,Consumer Discretionary,NYSE,0,Large cap,10496474187
KNX,KNX,Knight-Swift Transportation Holdings Inc.,Industrials,NYSE,0,Large cap,10447307640
RRX,RRX,Regal Rexnord Corporation,Industrials,NYSE,0,Large cap,10381006147
UHS,UHS,Universal Health Services,Health Care,NYSE,1,Large cap,10356913781
CART,CART,Maplebear Inc.,Industrials,NASDAQ,0,Large cap,10321629566
AR,AR,Antero Resources Corporation,Energy,NYSE,0,Large cap,10320727230
TXRH,TXRH,Texas Roadhouse Inc.,Consumer Discretionary,NASDAQ,0,Large cap,10319409976
VIAV,VIAV,Viavi Solutions Inc.,Information Technology,NASDAQ,0,Large cap,10319077807
AVTR,AVTR,Avantor Inc.,Health Care,NYSE,0,Large cap,10307708722
QRVO,QRVO,Qorvo Inc.,Information Technology,NASDAQ,0,Large cap,10299875653
ERIE,ERIE,Erie Indemnity,Financials,NASDAQ,1,Large cap,10273834395
JKHY,JKHY,Jack Henry & Associates,Financials,NASDAQ,1,Large cap,10251865542
HII,HII,Huntington Ingalls Industries,Industrials,NYSE,1,Large cap,10231009825
ALGN,ALGN,Align Technology,Health Care,NASDAQ,1,Large cap,10230449087
ENSG,ENSG,The Ensign Group Inc.,Health Care,NASDAQ,0,Large cap,10230315640
LULU,LULU,Lululemon Athletica,Consumer Discretionary,NASDAQ,1,Large cap,10228896980
EGO,EGO,Eldorado Gold Corporation,Materials,NYSE,0,Large cap,10165342671
GMED,GMED,Globus Medical Inc.,Health Care,NYSE,0,Large cap,10162284271
BIO,BIO,Bio-Rad Laboratories Inc.,Health Care,NYSE,0,Large cap,10148474321
DCI,DCI,Donaldson Company Inc.,Industrials,NYSE,0,Large cap,10120113363
CHYM,CHYM,Chime Financial Inc.,Financials,NASDAQ,0,Large cap,10040077144
CGNX,CGNX,Cognex Corporation,Industrials,NASDAQ,0,Large cap,10037916652
TFII,TFII,TFI International Inc.,Industrials,NYSE,0,Large cap,10014033377
UMBF,UMBF,UMB Financial Corporation,Financials,NASDAQ,0,Large cap,10013251955
NYT,NYT,New York Times Company (The) Common Stock,Materials,NYSE,0,Large cap,10002538360
DPZ,DPZ,Domino's,Consumer Discretionary,NASDAQ,1,Mid cap,9984398440
BPOP,BPOP,Popular Inc.,Financials,NASDAQ,0,Mid cap,9968579706
MSGS,MSGS,Madison Square Garden Sports Corp.,Consumer Discretionary,NYSE,0,Mid cap,9965242783
EVR,EVR,Evercore Inc.,Financials,NYSE,0,Mid cap,9939797302
KRYS,KRYS,Krystal Biotech Inc.,Health Care,NASDAQ,0,Mid cap,9917385990
CPT,CPT,Camden Property Trust,Real Estate,NYSE,1,Mid cap,9899104401
MOH,MOH,Molina Healthcare Inc,Health Care,NYSE,0,Mid cap,9885636000
CLX,CLX,Clorox,Consumer Staples,NYSE,1,Mid cap,9867970008
HUBS,HUBS,HubSpot Inc.,Information Technology,NYSE,0,Mid cap,9857051952
BXP,BXP,"BXP, Inc.",Real Estate,NYSE,1,Mid cap,9852714621
PAYC,PAYC,Paycom Software Inc.,Information Technology,NYSE,0,Mid cap,9851754481
BRKR,BRKR,Bruker Corporation,Health Care,NASDAQ,0,Mid cap,9828699475
DRS,DRS,Leonardo DRS Inc.,Industrials,NASDAQ,0,Mid cap,9802925346
MOD,MOD,Modine Manufacturing Company,Consumer Discretionary,NYSE,0,Mid cap,9757866714
ENLT,ENLT,Enlight Re,Utilities,NASDAQ,0,Mid cap,9751323116
AXSM,AXSM,Axsome Therapeutics Inc.,Health Care,NASDAQ,0,Mid cap,9750165463
DKNG,DKNG,DraftKings Inc.,Consumer Discretionary,NASDAQ,0,Mid cap,9725534800
SSB,SSB,SouthState Bank Corporation,Financials,NYSE,0,Mid cap,9706181108
WMS,WMS,Advanced Drainage Systems Inc.,Materials,NYSE,0,Mid cap,9688832394
RYAN,RYAN,Ryan Specialty Holdings Inc.,Financials,NYSE,0,Mid cap,9682589612
WTFC,WTFC,Wintrust Financial Corporation,Financials,NASDAQ,0,Mid cap,9680691605
AM,AM,Antero Midstream Corporation,Energy,NYSE,0,Mid cap,9612148500
PSO,PSO,Pearson Plc,Consumer Discretionary,NYSE,0,Mid cap,9603449492
CFR,CFR,Cullen/Frost Bankers Inc.,Financials,NYSE,0,Mid cap,9583964135
AMG,AMG,Affiliated Managers Group Inc.,Financials,NYSE,0,Mid cap,9583949769
RGEN,RGEN,Repligen Corporation,Health Care,NASDAQ,0,Mid cap,9519012902
DAR,DAR,Darling Ingredients Inc.,Consumer Staples,NYSE,0,Mid cap,9518671893
VSAT,VSAT,ViaSat Inc.,Information Technology,NASDAQ,0,Mid cap,9517548913
FRT,FRT,Federal Realty Investment Trust,Real Estate,NYSE,1,Mid cap,9504802259
ONB,ONB,Old National Bancorp,Financials,NASDAQ,0,Mid cap,9503038800
HSIC,HSIC,Henry Schein,Health Care,NASDAQ,1,Mid cap,9469612674
BSY,BSY,Bentley Systems Incorporated,Information Technology,NASDAQ,0,Mid cap,9401130706
FLS,FLS,Flowserve Corporation,Industrials,NYSE,0,Mid cap,9382194292
OGE,OGE,OGE Energy Corp,Utilities,NYSE,0,Mid cap,9374658804
IBRX,IBRX,ImmunityBio Inc.,Health Care,NASDAQ,0,Mid cap,9358354291
ARWR,ARWR,Arrowhead Pharmaceuticals Inc.,Health Care,NASDAQ,0,Mid cap,9358108439
OC,OC,Owens Corning Inc,Industrials,NYSE,0,Mid cap,9356202120
GKOS,GKOS,Glaukos Corporation,Health Care,NYSE,0,Mid cap,9351903211
ALSN,ALSN,Allison Transmission Holdings Inc.,Consumer Discretionary,NYSE,0,Mid cap,9332144074
MUSA,MUSA,Murphy USA Inc.,Consumer Discretionary,NYSE,0,Mid cap,9326555675
ESTC,ESTC,Elastic N.V.,Information Technology,NYSE,0,Mid cap,9323225664
JAN,JAN,Janus Living Inc.,Real Estate,NYSE,0,Mid cap,9296311649
KT,KT,KT Corporation,Information Technology,NYSE,0,Mid cap,9291803728
FDS,FDS,FactSet,Financials,NYSE,1,Mid cap,9245974214
AYI,AYI,Acuity Inc.,Industrials,NYSE,0,Mid cap,9243797558
FCFS,FCFS,FirstCash Holdings Inc.,Consumer Discretionary,NASDAQ,0,Mid cap,9230386476
TTC,TTC,Toro Company,Consumer Discretionary,NYSE,0,Mid cap,9222106285
PODD,PODD,Insulet Corporation,Health Care,NASDAQ,1,Mid cap,9213011795
MTCH,MTCH,Match Group Inc.,Information Technology,NASDAQ,0,Mid cap,9211881028
KYMR,KYMR,Kymera Therapeutics Inc.,Health Care,NASDAQ,0,Mid cap,9188974795
OSCR,OSCR,Oscar Health Inc.,Health Care,NYSE,0,Mid cap,9188361650
ORI,ORI,Old Republic International Corporation,Financials,NYSE,0,Mid cap,9186522682
GGB,GGB,Gerdau S.A.,Materials,NYSE,0,Mid cap,9178003747
QGEN,QGEN,Qiagen N.V.,Health Care,NYSE,0,Mid cap,9149719033
ZION,ZION,Zions Bancorporation N.A.,Financials,NASDAQ,0,Mid cap,9138139557
CYTK,CYTK,Cytokinetics Incorporated,Health Care,NASDAQ,0,Mid cap,9125497158
PTGX,PTGX,Protagonist Therapeutics Inc.,Health Care,NASDAQ,0,Mid cap,9121926936
LLYVK,LLYVK,Liberty Live Holdings Inc. Series C Liberty Live Group,Consumer Discretionary,NASDAQ,0,Mid cap,9119572869
SNAP,SNAP,Snap Inc.,Information Technology,NYSE,0,Mid cap,9030995782
VMI,VMI,Valmont Industries Inc.,Industrials,NYSE,0,Mid cap,9019422706
GLXY,GLXY,Galaxy Digital Inc.,Financials,NASDAQ,0,Mid cap,9017811306
JEF,JEF,Jefferies Financial Group Inc.,Financials,NYSE,0,Mid cap,9012909939
AAL,AAL,American Airlines Group Inc.,Industrials,NASDAQ,0,Mid cap,9009411033
APTV,APTV,Aptiv,Consumer Discretionary,NYSE,1,Mid cap,9005057565
SAIA,SAIA,Saia Inc.,Industrials,NASDAQ,0,Mid cap,8971218288
LTH,LTH,Life Time Group Holdings Inc.,Consumer Discretionary,NYSE,0,Mid cap,8956354876
PBF,PBF,PBF Energy Inc.,Energy,NYSE,0,Mid cap,8917526323
CAI,CAI,Caris Life Sciences Inc.,Health Care,NASDAQ,0,Mid cap,8915878118
AG,AG,First Majestic Silver Corp.,Materials,NYSE,0,Mid cap,8911747405
HLI,HLI,Houlihan Lokey Inc.,Financials,NYSE,0,Mid cap,8907733290
SOLS,SOLS,Solstice Advanced Materials Inc.,Materials,NASDAQ,0,Mid cap,8897041138
JXN,JXN,Jackson Financial Inc.,Financials,NYSE,0,Mid cap,8895493237
LLYVA,LLYVA,Liberty Live Holdings Inc. Series A Liberty Live Group,Consumer Discretionary,NASDAQ,0,Mid cap,8885879214
R,R,Ryder System Inc.,Consumer Discretionary,NYSE,0,Mid cap,8853141415
CTRE,CTRE,CareTrust REIT Inc.,Real Estate,NYSE,0,Mid cap,8790107003
ESI,ESI,Element Solutions Inc.,Materials,NYSE,0,Mid cap,8765562177
KLAR,KLAR,Klarna Group plc,Financials,NYSE,0,Mid cap,8721766008
SIRI,SIRI,SiriusXM Holdings Inc.,Consumer Discretionary,NASDAQ,0,Mid cap,8682843112
TTEK,TTEK,Tetra Tech Inc.,Industrials,NASDAQ,0,Mid cap,8628697224
RRC,RRC,Range Resources Corporation,Energy,NYSE,0,Mid cap,8618100513
VOYA,VOYA,Voya Financial Inc.,Financials,NYSE,0,Mid cap,8614806826
TGTX,TGTX,TG Therapeutics Inc.,Health Care,NASDAQ,0,Mid cap,8600950088
BRX,BRX,Brixmor Property Group Inc.,Real Estate,NYSE,0,Mid cap,8549462724
AAOI,AAOI,Applied Optoelectronics Inc.,Information Technology,NASDAQ,0,Mid cap,8547516114
SPXC,SPXC,SPX Technologies Inc.,Industrials,NYSE,0,Mid cap,8546150292
PNR,PNR,Pentair,Industrials,NYSE,1,Mid cap,8535841187
CUBE,CUBE,CubeSmart,Real Estate,NYSE,0,Mid cap,8526894521
PRI,PRI,Primerica Inc.,Financials,NYSE,0,Mid cap,8490855318
MHK,MHK,Mohawk Industries Inc.,Consumer Discretionary,NYSE,0,Mid cap,8456430022
EDU,EDU,New Oriental Education & Technology Group Inc. Sponsored ADR representing 10 Ordinary Share (Cayman Islands),Real Estate,NYSE,0,Mid cap,8446011518
ARE,ARE,Alexandria Real Estate Equities,Real Estate,NYSE,1,Mid cap,8445779718
PCVX,PCVX,Vaxcyte Inc.,Health Care,NASDAQ,0,Mid cap,8435771210
RHP,RHP,Ryman Hospitality Properties Inc.,Real Estate,NYSE,0,Mid cap,8421487978
ADC,ADC,Agree Realty Corporation,Real Estate,NYSE,0,Mid cap,8414260322
AVT,AVT,Avnet Inc.,Information Technology,NASDAQ,0,Mid cap,8412480348
MXL,MXL,MaxLinear Inc.,Information Technology,NASDAQ,0,Mid cap,8409072670
KMX,KMX,CarMax Inc,Consumer Discretionary,NYSE,0,Mid cap,8405394216
BAH,BAH,Booz Allen Hamilton Holding Corporation,Industrials,NYSE,0,Mid cap,8385065468
IDCC,IDCC,InterDigital Inc.,Other,NASDAQ,0,Mid cap,8368888070
VIRT,VIRT,Virtu Financial Inc.,Financials,NYSE,0,Mid cap,8342012201
REXR,REXR,Rexford Industrial Realty Inc.,Real Estate,NYSE,0,Mid cap,8339755838
EAT,EAT,Brinker International Inc.,Consumer Discretionary,NYSE,0,Mid cap,8338977679
NEU,NEU,NewMarket Corp Common Stock,Materials,NYSE,0,Mid cap,8319344760
KNTK,KNTK,Kinetik Holdings Inc.,Energy,NYSE,0,Mid cap,8307316240
ALV,ALV,Autoliv Inc.,Consumer Discretionary,NYSE,0,Mid cap,8278735010
GAP,GAP,Gap Inc.,Consumer Discretionary,NYSE,0,Mid cap,8268899025
WAL,WAL,Western Alliance Bancorporation,Financials,NYSE,0,Mid cap,8265481457
MGM,MGM,MGM Resorts,Consumer Discretionary,NYSE,1,Mid cap,8142345467
AGCO,AGCO,AGCO Corporation,Industrials,NYSE,0,Mid cap,8134885641
OSK,OSK,Oshkosh Corporation (Holding Company),Industrials,NYSE,0,Mid cap,8129890148
TKR,TKR,Timken Company,Industrials,NYSE,0,Mid cap,8125747341
BVN,BVN,Buenaventura Mining Company Inc.,Materials,NYSE,0,Mid cap,8125039875
COLB,COLB,Columbia Banking System Inc.,Financials,NASDAQ,0,Mid cap,8116466069
DY,DY,Dycom Industries Inc.,Industrials,NYSE,0,Mid cap,8114503871
S,S,SentinelOne Inc.,Information Technology,NYSE,0,Mid cap,8113024917
FR,FR,First Industrial Realty Trust Inc.,Real Estate,NYSE,0,Mid cap,8106835648
WLK,WLK,Westlake Corporation,Materials,NYSE,0,Mid cap,8101023178
MP,MP,MP Materials Corp.,Materials,NYSE,0,Mid cap,8091155143
KTOS,KTOS,Kratos Defense & Security Solutions Inc.,Industrials,NASDAQ,0,Mid cap,8081403127
WYNN,WYNN,Wynn Resorts,Consumer Discretionary,NASDAQ,1,Mid cap,8055647493
PB,PB,Prosperity Bancshares Inc.,Financials,NYSE,0,Mid cap,8041027748
RIOT,RIOT,Riot Platforms Inc.,Financials,NASDAQ,0,Mid cap,8026788620
LINE,LINE,Lineage Inc.,Real Estate,NASDAQ,0,Mid cap,7985790121
CBSH,CBSH,Commerce Bancshares Inc.,Financials,NASDAQ,0,Mid cap,7936102409
CNM,CNM,Core & Main Inc.,Consumer Discretionary,NYSE,0,Mid cap,7935982123
NNN,NNN,NNN REIT Inc.,Real Estate,NYSE,0,Mid cap,7934444076
GIL,GIL,Gildan Activewear Inc.,Consumer Discretionary,NYSE,0,Mid cap,7924359176
AOS,AOS,A. O. Smith,Industrials,NYSE,1,Mid cap,7885415405
SM,SM,SM Energy Company,Energy,NYSE,0,Mid cap,7875348191
SNEX,SNEX,StoneX Group Inc.,Financials,NASDAQ,0,Mid cap,7870241959
PRAX,PRAX,Praxis Precision Medicines Inc.,Health Care,NASDAQ,0,Mid cap,7845516628
ATR,ATR,AptarGroup Inc.,Industrials,NYSE,0,Mid cap,7838917394
LNC,LNC,Lincoln National Corporation,Financials,NYSE,0,Mid cap,7834024989
BOKF,BOKF,BOK Financial Corporation,Financials,NASDAQ,0,Mid cap,7815834434
CAE,CAE,CAE Inc.,Industrials,NASDAQ,0,Mid cap,7796585005
GTLB,GTLB,GitLab Inc.,Information Technology,NASDAQ,0,Mid cap,7781886000
ZWS,ZWS,Zurn Elkay Water Solutions Corporation,Industrials,NYSE,0,Mid cap,7760781099
UGI,UGI,UGI Corporation,Energy,NYSE,0,Mid cap,7753993057
RAL,RAL,Ralliant Corporation,Industrials,NYSE,0,Mid cap,7742587760
HNGE,HNGE,Hinge Health Inc.,Information Technology,NYSE,0,Mid cap,7682915443
IONS,IONS,Ionis Pharmaceuticals Inc.,Health Care,NASDAQ,0,Mid cap,7626198537
LEVI,LEVI,Levi Strauss & Co,Consumer Discretionary,NYSE,0,Mid cap,7600798600
APLD,APLD,Applied Digital Corporation,Information Technology,NASDAQ,0,Mid cap,7599988018
THG,THG,Hanover Insurance Group Inc,Financials,NYSE,0,Mid cap,7589415369
IDA,IDA,IDACORP Inc.,Utilities,NYSE,0,Mid cap,7584248678
CBC,CBC,Central Bancompany Inc.,Financials,NASDAQ,0,Mid cap,7582732511
ACM,ACM,AECOM,Industrials,NYSE,0,Mid cap,7573784611
STN,STN,Stantec Inc,Industrials,NYSE,0,Mid cap,7557756030
PCTY,PCTY,Paylocity Holding Corporation,Information Technology,NASDAQ,0,Mid cap,7544169569
WULF,WULF,TeraWulf Inc.,Financials,NASDAQ,0,Mid cap,7529437336
PCOR,PCOR,Procore Technologies Inc.,Information Technology,NYSE,0,Mid cap,7527867445
EMN,EMN,Eastman Chemical Company,Materials,NYSE,0,Mid cap,7520315431
SFD,SFD,Smithfield Foods Inc.,Consumer Staples,NASDAQ,0,Mid cap,7485518863
SYRE,SYRE,Spyre Therapeutics Inc.,Health Care,NASDAQ,0,Mid cap,7470081117
VFS,VFS,VinFast Auto Ltd.,Industrials,NASDAQ,0,Mid cap,7392933792
DBX,DBX,Dropbox Inc.,Information Technology,NASDAQ,0,Mid cap,7380693620
SLAB,SLAB,Silicon Laboratories Inc.,Information Technology,NASDAQ,0,Mid cap,7379726530
KNSL,KNSL,Kinsale Capital Group Inc.,Financials,NYSE,0,Mid cap,7363125881
CHRD,CHRD,Chord Energy Corporation,Energy,NASDAQ,0,Mid cap,7351940976
CHWY,CHWY,Chewy Inc.,Consumer Discretionary,NYSE,0,Mid cap,7339191567
NFG,NFG,National Fuel Gas Company,Utilities,NYSE,0,Mid cap,7331778937
AVAV,AVAV,AeroVironment Inc.,Industrials,NASDAQ,0,Mid cap,7279557354
ZETA,ZETA,Zeta Global Holdings Corp.,Information Technology,NYSE,0,Mid cap,7269354001
GJS,GJS,Goldman Sachs Group Securities STRATS Trust for Goldman Sachs Group Securities Series 2006-2,Financials,NYSE,0,Mid cap,7268949274
ASR,ASR,Grupo Aeroportuario del Sureste S.A. de C.V.,Industrials,NYSE,0,Mid cap,7228800000
TRNO,TRNO,Terreno Realty Corporation,Real Estate,NYSE,0,Mid cap,7219283038
HQY,HQY,HealthEquity Inc.,Industrials,NASDAQ,0,Mid cap,7216909576
SBSW,SBSW,D/B/A Sibanye-Stillwater Limited ADS,Materials,NYSE,0,Mid cap,7210870105
SARO,SARO,StandardAero Inc.,Industrials,NYSE,0,Mid cap,7197497624
ACA,ACA,Arcosa Inc.,Industrials,NYSE,0,Mid cap,7169594114
SSD,SSD,Simpson Manufacturing Company Inc.,Industrials,NYSE,0,Mid cap,7130924821
MAAS,MAAS,Maase Inc.,Financials,NASDAQ,0,Mid cap,7127870317
MOS,MOS,Mosaic Company (The),Materials,NYSE,1,Mid cap,7127220383
VSXY,VSXY,Victorias Secret & Co.,Consumer Discretionary,NYSE,0,Mid cap,7117345200
CAMT,CAMT,Camtek Ltd.,Information Technology,NASDAQ,0,Mid cap,7113558122
STAG,STAG,Stag Industrial Inc.,Real Estate,NYSE,0,Mid cap,7112699257
PLXS,PLXS,Plexus Corp.,Industrials,NASDAQ,0,Mid cap,7092923107
NTSK,NTSK,Netskope Inc.,Information Technology,NASDAQ,0,Mid cap,7056310408
BTG,BTG,B2Gold Corp,Materials,AMEX,0,Mid cap,7054517869
AMRX,AMRX,Amneal Pharmaceuticals Inc.,Health Care,NASDAQ,0,Mid cap,7035579543
VLY,VLY,Valley National Bancorp,Financials,NASDAQ,0,Mid cap,7029138475
AAON,AAON,AAON Inc.,Industrials,NASDAQ,0,Mid cap,7017216947
CELH,CELH,Celsius Holdings Inc.,Consumer Staples,NASDAQ,0,Mid cap,7011601152
MORN,MORN,Morningstar Inc.,Financials,NASDAQ,0,Mid cap,6990653956
AXTA,AXTA,Axalta Coating Systems Ltd.,Consumer Discretionary,NYSE,0,Mid cap,6985612702
PRMB,PRMB,Primo Brands Corporation,Consumer Staples,NYSE,0,Mid cap,6975315366
FSS,FSS,Federal Signal Corporation,Industrials,NYSE,0,Mid cap,6974614473
KEX,KEX,Kirby Corporation,Industrials,NYSE,0,Mid cap,6966432000
MSA,MSA,MSA Safety Incorporated,Health Care,NYSE,0,Mid cap,6965695862
MSM,MSM,MSC Industrial Direct Company Inc.,Industrials,NYSE,0,Mid cap,6955656416
AXS,AXS,Axis Capital Holdings Limited,Financials,NYSE,0,Mid cap,6949312031
SOBO,SOBO,South Bow Corporation,Energy,NYSE,0,Mid cap,6937524694
APPF,APPF,AppFolio Inc.,Information Technology,NASDAQ,0,Mid cap,6935355373
SSRM,SSRM,SSR Mining Inc.,Materials,NASDAQ,0,Mid cap,6920682049
IMVT,IMVT,Immunovant Inc.,Health Care,NASDAQ,0,Mid cap,6911252740
OKLO,OKLO,Oklo Inc.,Utilities,NYSE,0,Mid cap,6903114992
AWI,AWI,Armstrong World Industries Inc,Industrials,NYSE,0,Mid cap,6892644292
ESE,ESE,ESCO Technologies Inc.,Information Technology,NYSE,0,Mid cap,6883381476
POWL,POWL,Powell Industries Inc.,Industrials,NASDAQ,0,Mid cap,6866081011
CMC,CMC,Commercial Metals Company,Materials,NYSE,0,Mid cap,6864239987
CIFR,CIFR,Cipher Digital Inc.,Financials,NASDAQ,0,Mid cap,6852157220
ALKS,ALKS,Alkermes plc,Health Care,NASDAQ,0,Mid cap,6844741498
COMP,COMP,Compass Inc.,Real Estate,NYSE,0,Mid cap,6825274995
ALGM,ALGM,Allegro MicroSystems Inc.,Information Technology,NASDAQ,0,Mid cap,6822314884
DSGX,DSGX,Descartes Systems Group Inc.,Information Technology,NASDAQ,0,Mid cap,6798115764
NCLH,NCLH,Norwegian Cruise Line Holdings,Consumer Discretionary,NYSE,1,Mid cap,6795980121
VCTR,VCTR,Victory Capital Holdings Inc.,Financials,NASDAQ,0,Mid cap,6790656749
CAG,CAG,ConAgra Brands Inc.,Consumer Staples,NYSE,0,Mid cap,6783355485
MATX,MATX,Matson Inc.,Industrials,NYSE,0,Mid cap,6771039995
NOV,NOV,NOV Inc.,Energy,NYSE,0,Mid cap,6765954813
GTES,GTES,Gates Industrial Corporation Ltd.,Industrials,NYSE,0,Mid cap,6743947169
TAP,TAP,Molson Coors Beverage Company,Consumer Staples,NYSE,0,Mid cap,6714206127
GLBE,GLBE,Global-E Online Ltd.,Information Technology,NASDAQ,0,Mid cap,6712785617
HIMS,HIMS,Hims & Hers Health Inc.,Health Care,NYSE,0,Mid cap,6696094953
NE,NE,Noble Corporation plc A,Energy,NYSE,0,Mid cap,6695394623
CHE,CHE,Chemed Corp,Health Care,NYSE,0,Mid cap,6692473530
PACS,PACS,PACS Group Inc.,Health Care,NYSE,0,Mid cap,6689679607
ICL,ICL,ICL Group Ltd.,Materials,NYSE,0,Mid cap,6672778009
DUOL,DUOL,Duolingo Inc.,Information Technology,NASDAQ,0,Mid cap,6672657685
FLR,FLR,Fluor Corporation,Industrials,NYSE,0,Mid cap,6664317369
BROS,BROS,Dutch Bros Inc.,Consumer Discretionary,NYSE,0,Mid cap,6655373380
AUGO,AUGO,Aura Minerals Inc.,Materials,NASDAQ,0,Mid cap,6649512737
RYTM,RYTM,Rhythm Pharmaceuticals Inc.,Health Care,NASDAQ,0,Mid cap,6589832768
FIGR,FIGR,Figure Technology Solutions Inc.,Financials,NASDAQ,0,Mid cap,6574271650
ENS,ENS,EnerSys,Industrials,NYSE,0,Mid cap,6567477290
BZ,BZ,KANZHUN LIMITED American Depository Shares,Information Technology,NASDAQ,0,Mid cap,6557956812
IOVA,IOVA,Iovance Biotherapeutics Inc.,Health Care,NASDAQ,0,Mid cap,6545437192
FAF,FAF,First American Corporation (,Financials,NYSE,0,Mid cap,6537463000
NPO,NPO,Enpro Inc.,Industrials,NYSE,0,Mid cap,6513718797
LNTH,LNTH,Lantheus Holdings Inc.,Health Care,NASDAQ,0,Mid cap,6495253439
PPC,PPC,Pilgrim's Pride Corporation,Consumer Staples,NASDAQ,0,Mid cap,6493219449
MAC,MAC,Macerich Company,Real Estate,NYSE,0,Mid cap,6490674094
OMF,OMF,OneMain Holdings Inc.,Financials,NYSE,0,Mid cap,6482586778
URBN,URBN,Urban Outfitters Inc.,Consumer Discretionary,NASDAQ,0,Mid cap,6479336091
TXNM,TXNM,TXNM Energy Inc.,Utilities,NYSE,0,Mid cap,6442356785
OR,OR,OR Royalties Inc.,Materials,NYSE,0,Mid cap,6438607970
MBLY,MBLY,Mobileye Global Inc.,Information Technology,NASDAQ,0,Mid cap,6431669179
PATH,PATH,UiPath Inc.,Information Technology,NYSE,0,Mid cap,6420634639
TFPM,TFPM,Triple Flag Precious Metals Corp.,Materials,NYSE,0,Mid cap,6415051468
ACT,ACT,Enact Holdings Inc.,Financials,NASDAQ,0,Mid cap,6384741681
HXL,HXL,Hexcel Corporation,Materials,NYSE,0,Mid cap,6378838176
RUSHB,RUSHB,Rush Enterprises Inc.,Consumer Discretionary,NASDAQ,0,Mid cap,6364139064
LAD,LAD,Lithia Motors Inc.,Consumer Discretionary,NYSE,0,Mid cap,6358836134
ETSY,ETSY,Etsy Inc.,Industrials,NYSE,0,Mid cap,6358639501
VNO,VNO,Vornado Realty Trust,Real Estate,NYSE,0,Mid cap,6327958796
LQDA,LQDA,Liquidia Corporation,Health Care,NASDAQ,0,Mid cap,6327383505
MGY,MGY,Magnolia Oil & Gas Corporation,Energy,NYSE,0,Mid cap,6324949199
ZG,ZG,Zillow Group Inc.,Industrials,NASDAQ,0,Mid cap,6298747462
UBSI,UBSI,United Bankshares Inc.,Financials,NASDAQ,0,Mid cap,6286210152
CLF,CLF,Cleveland-Cliffs Inc.,Materials,NYSE,0,Mid cap,6281645917
MTDR,MTDR,Matador Resources Company,Energy,NYSE,0,Mid cap,6273101209
GDS,GDS,GDS Holdings Limited ADS,Information Technology,NASDAQ,0,Mid cap,6267811735
ANDG,ANDG,Andersen Group Inc.,Industrials,NYSE,0,Mid cap,6267469488
CGON,CGON,CG Oncology Inc.,Health Care,NASDAQ,0,Mid cap,6250919245
QBTS,QBTS,D-Wave Quantum Inc.,Information Technology,NASDAQ,0,Mid cap,6237265498
DOX,DOX,Amdocs Limited,Information Technology,NASDAQ,0,Mid cap,6216813951
INGM,INGM,Ingram Micro Holding Corporation,Information Technology,NYSE,0,Mid cap,6216338313
RNG,RNG,RingCentral Inc.,Information Technology,NYSE,0,Mid cap,6215363638
OGC,OGC,OceanaGold Corporation,Other,NYSE,0,Mid cap,6208597057
GATX,GATX,GATX Corporation,Industrials,NYSE,0,Mid cap,6207858000
CAVA,CAVA,CAVA Group Inc.,Consumer Discretionary,NYSE,0,Mid cap,6207081362
LB,LB,LandBridge Company LLC,Energy,NYSE,0,Mid cap,6204604812
DPC,DPC,DPC Holdings PLC,Industrials,NYSE,0,Mid cap,6193834443
BLDR,BLDR,Builders FirstSource Inc.,Consumer Discretionary,NYSE,0,Mid cap,6190024171
LGND,LGND,Ligand Pharmaceuticals Incorporated,Health Care,NASDAQ,0,Mid cap,6187215609
TBBB,TBBB,BBB Foods Inc.,Consumer Staples,NYSE,0,Mid cap,6175714608
QLYS,QLYS,Qualys Inc.,Information Technology,NASDAQ,0,Mid cap,6170018428
HR,HR,Healthcare Realty Trust Incorporated,Real Estate,NYSE,0,Mid cap,6148392494
Z,Z,Zillow Group Inc.,Industrials,NASDAQ,0,Mid cap,6148081242
TTAN,TTAN,ServiceTitan Inc.,Information Technology,NASDAQ,0,Mid cap,6127641199
BLCO,BLCO,Bausch + Lomb Corporation,Health Care,NYSE,0,Mid cap,6121812316
FNB,FNB,F.N.B. Corporation,Financials,NYSE,0,Mid cap,6113976835
TEX,TEX,Terex Corporation,Industrials,NYSE,0,Mid cap,6100191000
GRAL,GRAL,GRAIL Inc.,Health Care,NASDAQ,0,Mid cap,6100067577
ST,ST,Sensata Technologies Holding plc,Industrials,NYSE,0,Mid cap,6099407976
INGR,INGR,Ingredion Incorporated,Consumer Staples,NYSE,0,Mid cap,6083151414
M,M,Macy's Inc,Consumer Discretionary,NYSE,0,Mid cap,6077580552
CVLT,CVLT,Commvault Systems Inc.,Information Technology,NASDAQ,0,Mid cap,6065411941
NXE,NXE,Nexgen Energy Ltd.,Materials,NYSE,0,Mid cap,6054670092
CRUS,CRUS,Cirrus Logic Inc.,Information Technology,NASDAQ,0,Mid cap,6054201369
CZR,CZR,Caesars Entertainment Inc.,Consumer Discretionary,NASDAQ,0,Mid cap,6034197419
CPB,CPB,The Campbell's Company,Consumer Staples,NASDAQ,0,Mid cap,6033287839
SFM,SFM,Sprouts Farmers Market Inc.,Consumer Staples,NASDAQ,0,Mid cap,6028458956
IFS,IFS,Intercorp Financial Services Inc.,Financials,NYSE,0,Mid cap,6023298785
ECG,ECG,Everus Construction Group Inc.,Consumer Discretionary,NYSE,0,Mid cap,6015319881
ELF,ELF,e.l.f. Beauty Inc.,Consumer Discretionary,NYSE,0,Mid cap,6001113193
CMBT,CMBT,CMB.TECH NV,Industrials,NYSE,0,Mid cap,5987776411
XMTR,XMTR,Xometry Inc.,Industrials,NASDAQ,0,Mid cap,5974836014
PL,PL,Planet Labs PBC,Information Technology,NYSE,0,Mid cap,5959830060
SWX,SWX,Southwest Gas Holdings Inc.,Energy,NYSE,0,Mid cap,5957946951
LOAR,LOAR,Loar Holdings Inc.,Industrials,NYSE,0,Mid cap,5953902332
JOBY,JOBY,Joby Aviation Inc.,Industrials,NYSE,0,Mid cap,5953307926
LW,LW,Lamb Weston Holdings Inc.,Consumer Staples,NYSE,0,Mid cap,5948803346
PJT,PJT,PJT Partners Inc.,Financials,NYSE,0,Mid cap,5940121448
KNSA,KNSA,Kiniksa Pharmaceuticals International plc,Health Care,NASDAQ,0,Mid cap,5908758504
POOL,POOL,Pool Corporation,Consumer Discretionary,NASDAQ,0,Mid cap,5906098202
SGHC,SGHC,Super Group (SGHC) Limited,Consumer Discretionary,NYSE,0,Mid cap,5893690741
LEA,LEA,Lear Corporation,Consumer Discretionary,NYSE,0,Mid cap,5885430840
CROX,CROX,Crocs Inc.,Consumer Discretionary,NASDAQ,0,Mid cap,5879504547
LKQ,LKQ,LKQ Corporation,Consumer Discretionary,NASDAQ,0,Mid cap,5846878207
WEX,WEX,WEX Inc.,Industrials,NYSE,0,Mid cap,5843633022
RIG,RIG,Transocean Ltd (Switzerland),Energy,NYSE,0,Mid cap,5818945243
SRRK,SRRK,Scholar Rock Holding Corporation,Health Care,NASDAQ,0,Mid cap,5815247216
XE,XE,X-Energy Inc.,Industrials,NASDAQ,0,Mid cap,5806971683
LGN,LGN,Legence Corp.,Industrials,NASDAQ,0,Mid cap,5803653276
MTG,MTG,MGIC Investment Corporation,Financials,NYSE,0,Mid cap,5794776730
HWC,HWC,Hancock Whitney Corporation,Financials,NASDAQ,0,Mid cap,5792104788
STVN,STVN,Stevanato Group S.p.A.,Health Care,NYSE,0,Mid cap,5787678313
MKTX,MKTX,MarketAxess Holdings Inc.,Financials,NASDAQ,0,Mid cap,5770226408
WFRD,WFRD,Weatherford International plc,Energy,NASDAQ,0,Mid cap,5750288283
KOD,KOD,Kodiak Sciences Inc,Health Care,NASDAQ,0,Mid cap,5726842522
JBTM,JBTM,JBT Marel Corporation,Industrials,NYSE,0,Mid cap,5723050451
LSTR,LSTR,Landstar System Inc.,Industrials,NASDAQ,0,Mid cap,5715656909
LUMN,LUMN,Lumen Technologies Inc.,Information Technology,NYSE,0,Mid cap,5714207538
LYFT,LYFT,Lyft Inc.,Industrials,NASDAQ,0,Mid cap,5704601552
VFC,VFC,V.F. Corporation,Industrials,NYSE,0,Mid cap,5700451265
TTD,TTD,The Trade Desk Inc.,Information Technology,NASDAQ,0,Mid cap,5697181003
BLSH,BLSH,Bullish,Financials,NYSE,0,Mid cap,5695998801
GBCI,GBCI,Glacier Bancorp Inc.,Financials,NYSE,0,Mid cap,5686355988
MIRM,MIRM,Mirum Pharmaceuticals Inc.,Health Care,NASDAQ,0,Mid cap,5684165051
ESNT,ESNT,Essent Group Ltd.,Financials,NYSE,0,Mid cap,5683789417
HOMB,HOMB,Home BancShares Inc.,Financials,NYSE,0,Mid cap,5683409988
EPRT,EPRT,Essential Properties Realty Trust Inc.,Real Estate,NYSE,0,Mid cap,5681491815
ANF,ANF,Abercrombie & Fitch Company,Consumer Discretionary,NYSE,0,Mid cap,5668808423
TVTX,TVTX,Travere Therapeutics Inc.,Health Care,NASDAQ,0,Mid cap,5654722309
ACI,ACI,Albertsons Companies Inc.,Consumer Staples,NYSE,0,Mid cap,5649190950
FSV,FSV,FirstService Corporation,Real Estate,NASDAQ,0,Mid cap,5642134284
MMED,MMED,MiniMed Group Inc.,Health Care,NASDAQ,0,Mid cap,5638252617
ORA,ORA,Ormat Technologies Inc.,Utilities,NYSE,0,Mid cap,5612825805
SNDR,SNDR,Schneider National Inc.,Industrials,NYSE,0,Mid cap,5606122750
MTRN,MTRN,Materion Corporation,Industrials,NYSE,0,Mid cap,5595105186
OTEX,OTEX,Open Text Corporation,Information Technology,NASDAQ,0,Mid cap,5590947955
YOU,YOU,Clear Secure Inc.,Information Technology,NYSE,0,Mid cap,5576574740
BLLN,BLLN,BillionToOne Inc.,Health Care,NASDAQ,0,Mid cap,5576564151
CACC,CACC,Credit Acceptance Corporation,Financials,NASDAQ,0,Mid cap,5575409518
RDNT,RDNT,RadNet Inc.,Health Care,NASDAQ,0,Mid cap,5559961207
WFG,WFG,West Fraser Timber Co. Ltd,Materials,NYSE,0,Mid cap,5543127559
MCY,MCY,Mercury General Corporation,Financials,NYSE,0,Mid cap,5531662178
RYN,RYN,Rayonier Inc. REIT,Real Estate,NYSE,0,Mid cap,5528800267
EPAM,EPAM,EPAM Systems Inc.,Information Technology,NYSE,0,Mid cap,5527029144
COGT,COGT,Cogent Biosciences Inc.,Health Care,NASDAQ,0,Mid cap,5493800930
SXT,SXT,Sensient Technologies Corporation,Materials,NYSE,0,Mid cap,5478685032
CPA,CPA,Copa Holdings S.A.,Industrials,NYSE,0,Mid cap,5473484477
INSW,INSW,International Seaways Inc.,Industrials,NYSE,0,Mid cap,5460331725
BIRK,BIRK,Birkenstock Holding plc,Consumer Discretionary,NYSE,0,Mid cap,5455769780
VAL,VAL,Valaris Limited,Energy,NYSE,0,Mid cap,5447239059
BGC,BGC,BGC Group Inc.,Financials,NASDAQ,0,Mid cap,5444091677
ORKA,ORKA,Oruka Therapeutics Inc.,Health Care,NASDAQ,0,Mid cap,5439126773
AUB,AUB,Atlantic Union Bankshares Corporation,Financials,NYSE,0,Mid cap,5426966048
DLB,DLB,Dolby Laboratories,Other,NYSE,0,Mid cap,5426233294
PTCT,PTCT,PTC Therapeutics Inc.,Health Care,NASDAQ,0,Mid cap,5421613698
PEGA,PEGA,Pegasystems Inc.,Information Technology,NASDAQ,0,Mid cap,5420431037
G,G,Genpact Limited,Industrials,NYSE,0,Mid cap,5417429282
ASB,ASB,Associated Banc-Corp,Financials,NYSE,0,Mid cap,5416208220
CRSP,CRSP,CRISPR Therapeutics AG,Health Care,NASDAQ,0,Mid cap,5414788568
VRNS,VRNS,Varonis Systems Inc.,Information Technology,NASDAQ,0,Mid cap,5411077448
RUSHA,RUSHA,Rush Enterprises Inc.,Consumer Discretionary,NASDAQ,0,Mid cap,5402864574
ABCB,ABCB,Ameris Bancorp,Financials,NYSE,0,Mid cap,5399448450
PI,PI,Impinj Inc.,Industrials,NASDAQ,0,Mid cap,5391326174
NAVN,NAVN,Navan Inc.,Information Technology,NASDAQ,0,Mid cap,5387893100
WH,WH,Wyndham Hotels & Resorts Inc.,Consumer Discretionary,NYSE,0,Mid cap,5375853678
JMKE,JMKE,Jersey Mike's Subs Inc.,Consumer Discretionary,NYSE,0,Mid cap,5374450188
SAIC,SAIC,Science Applications International Corporation,Information Technology,NASDAQ,0,Mid cap,5371695783
BKH,BKH,Black Hills Corporation,Utilities,NYSE,0,Mid cap,5358308218
TFX,TFX,Teleflex Incorporated,Health Care,NYSE,0,Mid cap,5352481189
MRX,MRX,Marex Group Limited,Financials,NASDAQ,0,Mid cap,5347201533
CAKE,CAKE,Cheesecake Factory Incorporated,Consumer Discretionary,NASDAQ,0,Mid cap,5341804060
NOVT,NOVT,Novanta Inc.,Industrials,NASDAQ,0,Mid cap,5340625479
OBDC,OBDC,Blue Owl Capital Corporation,Financials,NYSE,0,Mid cap,5330871171
BCPC,BCPC,Balchem Corporation,Materials,NASDAQ,0,Mid cap,5328411210
EXP,EXP,Eagle Materials Inc,Industrials,NYSE,0,Mid cap,5324622914
STWD,STWD,STARWOOD PROPERTY TRUST INC. Starwood Property Trust Inc.,Real Estate,NYSE,0,Mid cap,5315626122
AGX,AGX,Argan Inc.,Industrials,NYSE,0,Mid cap,5308751914
CHDN,CHDN,Churchill Downs Incorporated,Consumer Discretionary,NASDAQ,0,Mid cap,5308370507
SHC,SHC,Sotera Health Company,Health Care,NASDAQ,0,Mid cap,5307971187
LAUR,LAUR,Laureate Education Inc.,Real Estate,NASDAQ,0,Mid cap,5286820437
USAR,USAR,USA Rare Earth Inc.,Materials,NASDAQ,0,Mid cap,5279202681
ROAD,ROAD,Construction Partners Inc.,Industrials,NASDAQ,0,Mid cap,5272721605
ACMR,ACMR,ACM Research Inc.,Industrials,NASDAQ,0,Mid cap,5266175710
AROC,AROC,Archrock Inc.,Energy,NYSE,0,Mid cap,5258392168
PSMT,PSMT,PriceSmart Inc.,Consumer Discretionary,NASDAQ,0,Mid cap,5258016079
RGTI,RGTI,Rigetti Computing Inc.,Information Technology,NASDAQ,0,Mid cap,5253520078
BBUC,BBUC,Brookfield Business Corporation,Industrials,NYSE,0,Mid cap,5251554000
BETA,BETA,Beta Technologies Inc.,Industrials,NYSE,0,Mid cap,5249637386
MBGL,MBGL,Mobility Global Inc.,Industrials,NYSE,0,Mid cap,5247819496
MMSI,MMSI,Merit Medical Systems Inc.,Health Care,NASDAQ,0,Mid cap,5246754605
KGS,KGS,Kodiak Gas Services Inc.,Energy,NYSE,0,Mid cap,5246284331
EXLS,EXLS,ExlService Holdings Inc.,Industrials,NASDAQ,0,Mid cap,5242760215
CORZ,CORZ,Core Scientific Inc.,Financials,NASDAQ,0,Mid cap,5241062593
TEO,TEO,Telecom Argentina SA,Information Technology,NYSE,0,Mid cap,5233461864
SEI,SEI,Solaris Energy Infrastructure Inc.,Energy,NYSE,0,Mid cap,5232547229
POR,POR,Portland General Electric Co,Utilities,NYSE,0,Mid cap,5232368353
MAIN,MAIN,Main Street Capital Corporation,Financials,NYSE,0,Mid cap,5230863308
OZK,OZK,Bank OZK,Financials,NASDAQ,0,Mid cap,5226889298
STEP,STEP,StepStone Group Inc.,Financials,NASDAQ,0,Mid cap,5207198224
AN,AN,AutoNation Inc.,Consumer Discretionary,NYSE,0,Mid cap,5183934381
RLI,RLI,RLI Corp.,Financials,NYSE,0,Mid cap,5183337346
PAGP,PAGP,Plains GP Holdings L.P.,Energy,NASDAQ,0,Mid cap,5171234760
NJR,NJR,NewJersey Resources Corporation Common Stock,Utilities,NYSE,0,Mid cap,5157615695
OLLI,OLLI,Ollie's Bargain Outlet Holdings Inc.,Consumer Discretionary,NASDAQ,0,Mid cap,5154940532
IBP,IBP,Installed Building Products Inc.,Consumer Discretionary,NYSE,0,Mid cap,5154765587
MUR,MUR,Murphy Oil Corporation,Energy,NYSE,0,Mid cap,5154551444
DFTX,DFTX,Definium Therapeutics Inc.,Health Care,NASDAQ,0,Mid cap,5134161160
GXO,GXO,GXO Logistics Inc.,Industrials,NYSE,0,Mid cap,5133281756
NIQ,NIQ,NIQ Global Intelligence plc,Information Technology,NYSE,0,Mid cap,5132232034
RRR,RRR,Red Rock Resorts Inc.,Consumer Discretionary,NASDAQ,0,Mid cap,5130040833
AXTI,AXTI,AXT Inc,Information Technology,NASDAQ,0,Mid cap,5126513714
BB,BB,BlackBerry Limited,Information Technology,NYSE,0,Mid cap,5118921473
WHD,WHD,Cactus Inc.,Energy,NYSE,0,Mid cap,5109032451
CWST,CWST,Casella Waste Systems Inc.,Industrials,NASDAQ,0,Mid cap,5103931689
VEON,VEON,VEON Ltd. ADS,Information Technology,NASDAQ,0,Mid cap,5093662594
RITM,RITM,Rithm Capital Corp.,Real Estate,NYSE,0,Mid cap,5092672123
GVA,GVA,Granite Construction Incorporated,Industrials,NYSE,0,Mid cap,5088499578
CVI,CVI,CVR Energy Inc.,Energy,NYSE,0,Mid cap,5083832391
IRDM,IRDM,Iridium Communications Inc,Information Technology,NASDAQ,0,Mid cap,5079740761
FTDR,FTDR,Frontdoor Inc.,Industrials,NASDAQ,0,Mid cap,5055391528
SBRA,SBRA,Sabra Health Care REIT Inc.,Real Estate,NASDAQ,0,Mid cap,5053053314
SIGI,SIGI,Selective Insurance Group Inc.,Financials,NASDAQ,0,Mid cap,5041334541
MTN,MTN,Vail Resorts Inc.,Consumer Discretionary,NYSE,0,Mid cap,5034911254
MRCY,MRCY,Mercury Systems Inc,Industrials,NASDAQ,0,Mid cap,5029766747
FND,FND,Floor & Decor Holdings Inc.,Consumer Discretionary,NYSE,0,Mid cap,5012482653
HRB,HRB,H&R Block Inc.,Consumer Discretionary,NYSE,0,Mid cap,5002131115
OCTV,OCTV,Octave Intelligence plc,Information Technology,NASDAQ,0,Mid cap,5000995990
BF.B,BF-B,Brown–Forman,Consumer Staples,NYSE,1,Unknown,0
CBOE,CBOE,Cboe Global Markets,Financials,,1,Unknown,0
